transaction_id,user_id,transaction_date,raw_timestamp,store_id,product_category,sale_amount,price,quantity,region,city,age,subscription,status,email,username,payment_method
522,1076,2025-02-26,2025-02-26 05:35:17,9,Electronics,1728.8,762.98,9,South,Chennai,56,Standard,Completed,patriciaadams@example.net,victorgonzalez,UPI
738,1064,2025-09-17,2025-09-17 12:23:25,10,Sports,2063.39,186.14,9,South,Delhi,27,Standard,Cancelled,lgreen@example.org,wadetiffany,Cash
741,1144,2025-07-27,2025-07-27 00:36:03,2,Clothing,3708.96,1134.9,5,North,Hyderabad,62,Premium,Completed,thomas49@example.net,laurenchandler,UPI
661,1017,2026-04-17,2026-04-17 09:56:12,2,Clothing,1302.27,781.69,6,North,Chennai,33,Standard,Pending,bryan80@example.org,daniel40,Cash
412,1019,2026-01-12,2026-01-12 11:53:56,18,Sports,3774.3,204.52,3,North,Pune,67,Standard,Cancelled,staceylam@example.net,walkerjeffrey,Card
679,1253,2025-07-02,2025-07-02 16:08:01,2,Furniture,1814.77,1423.88,8,West,Chennai,25,Premium,Completed,noahthornton@example.com,dustin60,Card
627,1129,2024-08-17,2024-08-17 09:31:07,2,Electronics,1543.15,40.34,2,North,Kolkata,56,Premium,Cancelled,staylor@example.com,alison83,Cash
514,1140,2025-08-02,2025-08-02 01:29:41,11,Sports,2098.1,435.49,4,North,Bengaluru,54,Premium,Pending,christinacraig@example.com,dianacantrell,UPI
860,1050,2024-12-05,2024-12-05 12:17:32,13,Clothing,1924.23,227.91,2,South,Chennai,64,Standard,Cancelled,estradadavid@example.org,catherinegarcia,Card
137,1078,2025-05-15,2025-05-15 04:34:58,6,Clothing,4165.16,1546.77,3,West,Bengaluru,44,Standard,Cancelled,uross@example.org,ronald45,UPI
812,1221,2026-03-30,2026-03-30 08:31:56,5,Furniture,148.06,775.21,2,East,Mumbai,52,Premium,Cancelled,william56@example.net,shawn00,UPI
77,1205,2025-07-12,2025-07-12 23:30:26,18,Electronics,2301.39,642.74,6,North,Delhi,43,Premium,Cancelled,hannahbrewer@example.com,fmcguire,UPI
637,1142,2026-03-11,2026-03-11 06:55:44,5,Furniture,584.78,516.37,8,South,Mumbai,26,Premium,Completed,carl24@example.org,tonya82,UPI
974,1056,2024-08-27,2024-08-27 13:01:05,2,Grocery,421.46,672.07,10,West,Hyderabad,62,Premium,Completed,byrderic@example.com,jayjohnson,UPI
939,1274,2024-11-22,2024-11-22 06:20:44,6,Furniture,1805.73,1391.94,7,North,Chennai,68,Premium,Completed,ubenson@example.net,prowland,UPI
900,1232,2024-12-26,2024-12-26 20:57:15,13,Electronics,3635.32,291.84,1,North,Hyderabad,42,Premium,Completed,angela91@example.org,kevinrussell,Cash
281,1138,2026-02-09,2026-02-09 01:57:11,3, Sports ,1895.4,1014.04,1,South,Bengaluru,69,Premium,Pending,andersonjacob@example.com,fgarcia,Cash
884,1171,2025-08-12,2025-08-12 08:25:52,10,Electronics,529.59,47.05,9,South,Hyderabad,41,Standard,Cancelled,stanleyjohnson@example.org,sandra19,UPI
762,1100,2024-10-16,2024-10-16 12:06:57,7,Clothing,3937.06,696.27,8,West,Mumbai,62,Standard,Cancelled,kyleclark@example.org,yvazquez,UPI
320,1163,2026-04-21,2026-04-21 03:20:14,3,Electronics,1971.09,806.76,6,East,Chennai,47,Premium,Cancelled,patricia00@example.org,ksmith,UPI
550,1169,2025-10-17,2025-10-17 09:12:53,14,Grocery,4804.88,1600.48,5,South,Bengaluru,62,Standard,Cancelled,justin84@example.com,melissawhite,UPI
175,1258,2025-04-23,2025-04-23 07:32:22,15,Sports,1434.62,,10,North,Bengaluru,24,Standard,Pending,jeffrey51@example.net,lacey20,Card
372,1298,2026-03-05,2026-03-05 01:00:49,19,Furniture,3387.51,1789.85,9,East,Pune,45,Premium,Cancelled,lbanks@example.net,jeffrey92,Cash
528,1164,2025-04-04,2025-04-04 16:22:10,7,Clothing,1468.51,1073.91,8,North,Hyderabad,27,Premium,Pending,jacob43@example.com,vmullen,Cash
211,1300,2025-08-01,2025-08-01 18:03:59,18,Clothing,2423.0,1741.56,6,East,Kolkata,18,Premium,,fkoch@example.org,landrywilliam,UPI
236,1092,2026-05-25,2026-05-25 12:25:43,18,Electronics,4767.37,934.01,4,West,Delhi,36,Premium,Pending,frobertson@example.com,lopezdonald,UPI
102,1189,2026-03-03,2026-03-03 10:47:47,18,Furniture,2957.33,1458.67,7,North,Pune,49,Standard,Pending,sarah84@example.org,jessica99,Cash
452,1148,2026-06-09,2026-06-09 13:36:19,4,Furniture,3107.76,558.83,10,West,Bengaluru,38,Premium,Completed,joshuastuart@example.com,iballard,Cash
903,1028,2024-08-13,2024-08-13 19:18:34,18,Grocery,3156.05,,1,North,Chennai,36,Premium,Cancelled,carla65@example.net,brendadixon,Card
948,1211,2025-07-31,2025-07-31 02:33:19,13,Electronics,4701.1,1568.75,9,East,Hyderabad,60,Standard,Pending,hartmansara@example.org,jonesbenjamin,Card
347,1024,2024-06-29,2024-06-29 06:52:31,20,Electronics,3326.75,1314.06,1,North,Mumbai,25,Standard,Pending,usweeney@example.com,harristonya,Card
140,1128,2026-05-07,2026-05-07 03:04:46,2,Furniture,4376.88,1117.99,2,North,Hyderabad,23,Premium,Pending,uparrish@example.org,caroline51,Card
622,1296,2025-08-24,2025-08-24 09:24:38,12,Clothing,113.84,1045.98,6,West,Hyderabad,39,Premium,Completed,franklintrevor@example.org,cchavez,Cash
500,1103,2024-11-05,2024-11-05 18:15:03,7,Electronics,926.54,1910.3,8,West,Mumbai,38,Standard,Completed,sandra99@example.org,nicholasanderson,Card
371,1148,2024-08-23,2024-08-23 15:34:48,12,Clothing,4907.61,1307.17,3,East,Mumbai,25,Standard,Cancelled,vwillis@example.com,derek26,Card
199,1157,2025-10-16,2025-10-16 21:32:20,1, Furniture ,1309.56,25.97,4,North,Bengaluru,45,Standard,Cancelled,parkeryvonne@example.net,xfox,Cash
688,1047,2025-01-14,2025-01-14 06:36:01,2,Sports,1741.64,937.78,4,South,Kolkata,49,Premium,Pending,gregory17@example.org,fwhite,Card
585,1166,2024-07-29,2024-07-29 15:44:07,8,Electronics,1664.35,214.17,7,South,Hyderabad,32,Premium,Pending,markwolfe@example.org,nunezwendy,UPI
902,1173,2025-05-23,2025-05-23 09:12:50,3,Clothing,739.19,1524.15,8,South,Hyderabad,39,Standard,Completed,dwilliams@example.net,denise20,Cash
60,1249,2026-04-05,2026-04-05 17:22:23,7,Grocery,3999.27,693.87,10,East,Chennai,18,Premium,Completed,lstein@example.net,gateskathy,Cash
329,1046,2025-01-06,2025-01-06 01:38:30,10,Electronics,1963.5,342.56,10,South,Pune,32,Premium,Cancelled,wrightcarolyn@example.net,kimberly04,Cash
97,1276,2025-05-14,2025-05-14 05:59:47,12,Sports,,559.6,3,East,Kolkata,70,Standard,,aprildean@example.com,nwolf,UPI
313,1025,2024-11-03,2024-11-03 12:30:24,13,Sports,2770.83,992.08,1,East,Bengaluru,45,Premium,,kristenli@example.org,amanda98,UPI
975,1235,2025-12-04,2025-12-04 08:36:22,4,Clothing,1630.7,313.04,10,West,Mumbai,46,Premium,Cancelled,scottwilliams@example.net,myerskyle,UPI
300,1183,2025-10-17,2025-10-17 12:36:34,19,Electronics,3532.09,716.33,10,South,Chennai,30,Standard,Cancelled,yvargas@example.org,jamiegoodwin,Card
278,1039,2025-07-14,2025-07-14 09:51:02,16,Furniture,2578.37,129.77,10,South,Hyderabad,28,Standard,Completed,angela66@example.org,nmiller,UPI
925,1195,2026-02-26,2026-02-26 12:57:02,16,Sports,4350.62,94.07,3,South,Mumbai,47,Premium,Cancelled,lholmes@example.org,garciabrooke,Cash
602,1171,2025-05-25,2025-05-25 07:34:32,14,Sports,1746.82,1299.18,6,West,Mumbai,60,Standard,Pending,shane23@example.net,biancasutton,Card
440,1261,2025-07-25,2025-07-25 05:45:16,16,Furniture,4453.68,774.52,5,West,Mumbai,27,Premium,Cancelled,ebooth@example.com,john40,Card
838,1266,2026-02-16,2026-02-16 03:24:59,20,Sports,1149.6,802.72,9,West,Hyderabad,27,Standard,Completed,smithjared@example.com,wmitchell,Card
571,1071,2025-07-14,2025-07-14 08:05:34,2,Clothing,175.55,1992.84,4,West,Hyderabad,22,Standard,Pending,dowen@example.com,yshort,UPI
880,1076,2026-03-29,2026-03-29 22:52:23,8,Electronics,704.86,95.97,4,South,Chennai,19,Premium,Completed,shawn26@example.com,davisroger,Cash
262,1175,2024-09-12,2024-09-12 02:45:57,2,Electronics,542.89,1572.1,8,North,Bengaluru,28,Standard,Pending,ugill@example.org,lawrence09,Cash
579,1243,2025-02-16,2025-02-16 00:34:25,5,Clothing,758.28,556.48,8,West,Bengaluru,29,Premium,Cancelled,melissasmith@example.net,samantha88,Cash
24,1080,2025-03-30,2025-03-30 02:29:28,2,Sports,446.55,387.93,10,North,Mumbai,33,Standard,Completed,uowens@example.org,brownjessica,UPI
31,1170,2024-12-27,2024-12-27 21:29:59,5,Grocery,849.83,894.83,7,North,Bengaluru,22,Premium,Cancelled,davidashley@example.net,harveyrobert,Cash
618,1141,2024-09-24,2024-09-24 08:38:33,16,Electronics,3014.51,736.28,8,West,Pune,34,Standard,Cancelled,fwalters@example.net,gacosta,Cash
11,1283,2026-05-16,2026-05-16 04:04:41,1,Electronics,3424.47,1083.2,5,East,Bengaluru,36,Standard,Completed,ithomas@example.org,julie69,Card
222,1194,2025-07-22,2025-07-22 00:58:59,13,Sports,2406.23,1280.76,3,North,Chennai,45,Standard,Cancelled,vsalas@example.net,thorntonapril,Cash
821,1107,2024-12-12,2024-12-12 20:10:22,13,Grocery,81.78,353.43,8,North,Bengaluru,22,Standard,Cancelled,jessica36@example.org,bsparks,Card
297,1257,2025-06-03,2025-06-03 06:09:40,11,Furniture,1388.66,71.6,10,South,Bengaluru,69,Standard,Completed,tflores@example.org,johnsonmatthew,Card
55,1058,2026-06-10,2026-06-10 09:13:31,6,Grocery,585.09,70.84,5,West,Hyderabad,63,Premium,Completed,danderson@example.net,stephanie79,UPI
543,1195,2024-07-20,2024-07-20 18:45:44,13,Furniture,2204.19,438.21,3,West,Bengaluru,30,Standard,Pending,michelle57@example.com,amy28,Card
210,1040,2025-10-18,2025-10-18 19:05:21,15,Grocery,507.7,1454.68,4,North,Hyderabad,42,Premium,Completed,sydneybarrera@example.com,james27,Cash
605,1059,2026-01-13,2026-01-13 19:30:02,2,Grocery,2893.9,892.96,6,South,Bengaluru,53,Premium,Cancelled,nicole66@example.com,oreese,Card
693,1040,2025-12-15,2025-12-15 22:04:52,20,Grocery,4364.5,230.53,9,North,Bengaluru,43,Premium,Completed,imartinez@example.com,evelyn60,Cash
663,1208,2024-12-09,2024-12-09 05:13:20,2,Grocery,4338.9,1649.93,8,West,Delhi,44,Standard,Cancelled,thomaslopez@example.com,mary24,Card
867,1263,2026-03-26,2026-03-26 08:28:41,18,Electronics,2057.08,1240.25,1,West,Mumbai,52,Standard,Completed,allisonscott@example.com,sanchezlisa,UPI
71,1118,2025-12-11,2025-12-11 07:28:40,10,Grocery,3529.79,918.98,4,East,Delhi,68,Premium,Pending,hoganashlee@example.org,amanda51,Cash
544,1078,2024-11-12,2024-11-12 04:22:33,10,Clothing,714.67,162.06,1,South,Delhi,49,Standard,Completed,owelch@example.net,omills,Cash
108,1185,2026-04-20,2026-04-20 13:00:22,17,Sports,589.82,1017.6,10,North,Delhi,68,Standard,Pending,ofinley@example.net,cbrennan,UPI
494,1067,2025-07-22,2025-07-22 01:49:22,7,Clothing,2926.1,1374.42,4,South,Hyderabad,62,Premium,Pending,emartin@example.net,jason22,Cash
591,1258,2026-03-28,2026-03-28 14:28:51,2,Furniture,2679.05,968.95,2,West,Chennai,33,Premium,Cancelled,chanson@example.org,jamesbrooks,Cash
742,1284,2026-06-14,2026-06-14 14:13:23,9,Furniture,1093.71,1019.54,6,East,Mumbai,34,Standard,Pending,hannah70@example.org,parkerrichard,Cash
293,1169,2025-11-26,2025-11-26 19:00:38,4,Electronics,4714.29,120.26,10,West,Delhi,64,Standard,Pending,deborahwilliams@example.net,vrasmussen,Cash
290,1127,2025-12-18,2025-12-18 22:45:08,12,Furniture,2591.63,1360.82,5,South,Bengaluru,43,Standard,Cancelled,ichambers@example.net,john26,UPI
653,1104,2026-01-03,2026-01-03 12:31:32,14,Grocery,4127.37,1299.16,5,South,Hyderabad,33,Premium,,nguyendebra@example.com,amorales,Cash
40,1194,2025-04-07,2025-04-07 17:27:11,6,Sports,2867.07,824.03,1,East,Hyderabad,31,Standard,Cancelled,nolanjason@example.org,gomezanita,UPI
590,1222,2025-04-07,2025-04-07 05:43:58,19,Clothing,4464.52,1191.71,3,North,Hyderabad,20,Premium,Pending,malikwheeler@example.org,gary59,UPI
308,1034,2025-09-10,2025-09-10 01:07:36,12,Grocery,3945.75,1446.42,1,West,Chennai,64,Standard,Completed,kellyhill@example.net,gary79,Card
680,1047,2025-02-07,2025-02-07 05:22:10,7,Grocery,944.24,353.22,9,East,Chennai,60,Premium,Cancelled,,,Cash
67,1205,2026-02-03,2026-02-03 06:06:52,16,Electronics,2906.25,1379.17,3,South,Delhi,54,Standard,Completed,jamessmith@example.org,davidcaldwell,Cash
276,1028,2025-09-11,2025-09-11 12:57:28,10,Clothing,641.24,1421.64,1,South,Chennai,40,Standard,Completed,patrick21@example.net,brian63,Card
68,1060,2025-09-09,2025-09-09 12:54:53,18,Furniture,3051.27,1585.67,4,West,Chennai,46,Standard,Cancelled,xlyons@example.com,catherinestuart,Card
319,1108,2024-12-14,2024-12-14 20:05:33,7,Clothing,261.25,175.17,7,South,Delhi,58,Premium,Cancelled,troymorris@example.com,amy29,Card
549,1039,2025-04-26,2025-04-26 15:52:08,18,Sports,1596.87,124.49,6,North,Chennai,47,Standard,Cancelled,fwalker@example.com,zacharymarsh,UPI
866,1029,2025-02-09,2025-02-09 11:54:05,3,Grocery,2793.09,995.84,1,West,Mumbai,50,Premium,Pending,fgill@example.net,mooremichael,Card
715,1278,2026-05-21,2026-05-21 14:27:58,20,Sports,3277.58,1400.99,7,South,Pune,37,Premium,Completed,ruiztodd@example.com,javierlynch,UPI
754,1171,2026-05-03,2026-05-03 10:13:20,9,Clothing,583.81,491.95,6,North,Delhi,39,Premium,Completed,,brucefrancisco,UPI
328,1015,2026-05-25,2026-05-25 01:46:38,8,Grocery,2469.49,903.28,8,East,Hyderabad,28,Standard,Cancelled,karenlawrence@example.com,sylvia52,UPI
383,1191,2025-02-11,2025-02-11 01:53:16,17,Sports,2255.51,106.83,4,East,Chennai,23,Premium,Completed,bgonzalez@example.org,daniellerowland,UPI
452,1148,2026-06-09,2026-06-09 13:36:19,4,Furniture,3107.76,558.83,10,West,Bengaluru,38,Premium,Completed,joshuastuart@example.com,iballard,Cash
523,1059,2026-01-20,2026-01-20 08:20:04,10,Grocery,3563.71,557.56,2,West,Pune,33,Standard,Pending,jamie33@example.net,eric11,Card
219,1282,2025-05-17,2025-05-17 23:53:22,14,Electronics,132.79,1449.94,9,East,Bengaluru,50,Standard,Completed,laura09@example.com,tammy99,Cash
788,1032,2024-09-24,2024-09-24 22:49:10,13,Sports,4047.45,1061.2,10,West,Chennai,47,Premium,Cancelled,andrewnguyen@example.com,abradley,Cash
437,1264,2026-05-18,2026-05-18 12:37:06,18,Grocery,3937.4,614.07,9,North,Hyderabad,24,Premium,Completed,qwilliams@example.net,alexander89,Cash
765,1005,2024-09-10,2024-09-10 22:22:19,3,Grocery,198.59,248.07,5,West,Bengaluru,58,Standard,Completed,morajamie@example.org,ellenjohnson,Cash
89,1153,2025-10-26,2025-10-26 07:11:34,1,Electronics,1655.65,131.12,6,East,Chennai,27,Premium,Cancelled,ronaldstephens@example.net,rebekahserrano,Card
64,1247,2025-11-24,2025-11-24 15:00:15,9,Sports,4884.2,1058.78,5,North,Pune,30,Standard,Completed,dayderek@example.com,brentgray,Card
827,1184,2025-05-30,2025-05-30 08:27:00,13,Furniture,3073.5,1951.1,6,North,Bengaluru,47,Standard,Cancelled,darryl02@example.com,julie64,Cash
717,1081,2025-09-12,2025-09-12 15:38:21,1,Electronics,4457.08,1089.07,5,South,Pune,67,Standard,Cancelled,derek77@example.com,kathleenrobinson,Card
352,1051,2024-12-02,2024-12-02 01:52:41,9,Clothing,2310.92,1955.04,5,West,Bengaluru,24,Premium,Completed,moorefrank@example.com,richard85,Card
937,1090,2025-04-18,2025-04-18 20:41:24,3,Clothing,392.83,822.04,5,West,Pune,44,Premium,Cancelled,morganjason@example.com,mikewatson,Card
257,1149,2025-09-03,2025-09-03 00:25:55,10,Sports,1373.35,1718.87,2,South,Delhi,68,Standard,Completed,paulscott@example.com,nielsenmelanie,Card
636,1142,2026-04-07,2026-04-07 08:17:09,19,Sports,1401.22,1583.2,7,East,Chennai,60,Standard,Pending,annette58@example.net,clarkgina,UPI
645,1172,2024-09-24,2024-09-24 04:58:56,6,Electronics,2715.16,94.01,7,West,Hyderabad,19,Standard,Cancelled,clarkmichael@example.com,donald49,Cash
555,1085,2025-08-23,2025-08-23 13:28:35,7,Sports,3685.09,703.25,5,North,Bengaluru,28,Standard,Pending,jamesskinner@example.com,martinezkayla,Card
960,1167,2025-02-09,2025-02-09 16:46:01,5,Clothing,463.04,1389.37,3,East,Hyderabad,48,Premium,Completed,gibsonmiguel@example.org,markbrowning,Card
169,1174,2024-11-15,2024-11-15 18:31:23,20,Clothing,1597.28,1442.36,6,West,Bengaluru,66,Standard,Cancelled,jenniferwilliams@example.com,tarabishop,UPI
918,1232,2024-08-24,2024-08-24 09:21:45,18,Grocery,4599.79,1013.71,4,West,Kolkata,28,Standard,Completed,frankcollins@example.net,johnsonryan,UPI
529,1007,2025-04-08,2025-04-08 04:46:51,20,Sports,2594.6,429.02,6,East,Hyderabad,27,Standard,Cancelled,acoleman@example.net,michael64,Cash
824,1055,2024-08-23,2024-08-23 04:23:17,6,Electronics,1500.97,767.9,5,North,Hyderabad,19,Premium,Pending,,wendy90,Card
614,1155,2025-02-19,2025-02-19 20:18:49,16,Sports,4933.86,150.91,10,West,Bengaluru,18,Standard,Cancelled,steven64@example.net,vaughnrebecca,Card
817,1197,2024-12-19,2024-12-19 08:41:28,14,Clothing,1249.65,88.32,6,North,Mumbai,60,Premium,Pending,leblancdeborah@example.net,rebeccamccann,UPI
87,1203,2024-12-31,2024-12-31 03:49:16,3,Grocery,4269.09,1721.5,7,East,Mumbai,63,Standard,Cancelled,moorericky@example.net,ocarter,Cash
433,1004,2026-05-11,2026-05-11 12:03:51,1,Clothing,1928.17,219.48,6,East,Bengaluru,53,Standard,Completed,watsonmatthew@example.org,dross,Card
185,1074,2024-11-29,2024-11-29 13:52:07,10,Electronics,1473.77,1434.0,6,West,Mumbai,34,Standard,Completed,sarah86@example.net,wking,Cash
979,1258,2025-10-27,2025-10-27 05:30:25,4,Clothing,1132.98,740.01,8,South,Delhi,43,Premium,Completed,sarahfoster@example.com,halldaniel,Card
535,1207,2024-07-13,2024-07-13 08:56:57,4,Grocery,2802.94,160.43,5,West,Hyderabad,55,Standard,Completed,bellerin@example.net,barbarasantos,UPI
295,1125,2026-02-17,2026-02-17 10:38:10,10,Furniture,2089.36,1110.36,1,North,Hyderabad,42,Premium,,michaeljohnson@example.org,robert11,Cash
893,1149,2024-11-14,2024-11-14 14:11:05,2,Clothing,4713.13,569.96,3,East,Pune,68,Premium,Cancelled,kristin39@example.com,romancatherine,Cash
426,1124,2025-01-23,2025-01-23 17:20:32,11,Furniture,3423.89,1795.12,1,West,Bengaluru,34,Premium,Pending,robertroach@example.net,campbellkristen,UPI
714,1283,2024-12-23,2024-12-23 12:51:16,10,Grocery,4550.69,35.65,5,South,Mumbai,43,Standard,Cancelled,nguyencorey@example.net,ykane,Cash
261,1203,2025-03-04,2025-03-04 12:03:11,7,Furniture,4133.0,999.54,6,East,Hyderabad,53,Premium,Cancelled,oscar85@example.com,michael77,Card
238,1273,2025-01-17,2025-01-17 09:19:04,17,Furniture,2741.04,1585.63,6,North,Bengaluru,67,Premium,Cancelled,heather01@example.com,erik84,UPI
560,1050,2024-07-30,2024-07-30 17:56:44,17,Electronics,3443.22,716.0,5,East,Bengaluru,20,Premium,Cancelled,jbarker@example.com,wrightvincent,Cash
584,1080,2026-06-20,2026-06-20 01:13:28,1,Furniture,2598.77,160.3,4,West,Mumbai,55,Standard,Pending,julieatkinson@example.org,hbrown,Cash
446,1182,2025-11-21,2025-11-21 13:18:20,11,Furniture,2362.61,1744.38,5,West,Bengaluru,62,Premium,Cancelled,petersonmaria@example.com,jacqueline02,UPI
868,1270,2025-03-20,2025-03-20 09:59:21,20,Electronics,3056.5,1930.0,9,South,Bengaluru,22,Standard,Completed,christopherwatson@example.com,crystal32,UPI
801,1006,2024-11-11,2024-11-11 00:13:57,13,Clothing,2320.94,150.71,5,East,Bengaluru,22,Premium,Pending,stuarttodd@example.org,heathchristopher,Card
600,1091,2026-05-20,2026-05-20 10:06:29,10,Electronics,591.36,566.37,3,West,Bengaluru,31,Premium,Pending,raymondstacy@example.org,matthewlong,Card
850,1275,2025-04-04,2025-04-04 12:06:23,6,Furniture,4073.7,59.1,9,West,Bengaluru,51,Premium,Completed,fballard@example.org,alexanderrodriguez,UPI
266,1067,2024-08-24,2024-08-24 09:33:56,16,Electronics,1183.29,196.88,2,North,Hyderabad,41,Standard,Completed,duranrobert@example.net,carloshernandez,Card
352,1051,2024-12-02,2024-12-02 01:52:41,9,Clothing,2310.92,1955.04,5,West,Bengaluru,24,Premium,Completed,moorefrank@example.com,richard85,Card
530,1087,2025-06-13,2025-06-13 04:06:08,3,Grocery,3085.65,690.7,8,North,Bengaluru,19,Standard,Cancelled,tiffanyparks@example.org,linda86,Cash
56,1124,2026-03-23,2026-03-23 15:37:40,4,Grocery,4258.95,1208.81,2,North,Hyderabad,52,Standard,Cancelled,jrivas@example.com,juliawells,Card
121,1003,2025-09-03,2025-09-03 09:19:09,7,Grocery,4729.35,1539.35,5,East,Hyderabad,25,Premium,Pending,gibbsalexander@example.net,gibsonemily,UPI
216,1251,2024-11-29,2024-11-29 07:09:00,15,Clothing,3677.22,717.31,3,West,Bengaluru,52,Premium,Cancelled,cporter@example.org,jenniferbrock,Cash
26,1160,2025-01-08,2025-01-08 16:50:17,8,Grocery,2009.14,1349.95,5,West,Hyderabad,66,Premium,Completed,jmorton@example.org,pearsonamber,Card
73,1291,2026-05-21,2026-05-21 15:09:53,10,Furniture,665.55,1383.58,7,East,Chennai,52,Standard,Pending,bzimmerman@example.org,christina87,Cash
45,1068,2025-12-07,2025-12-07 17:08:35,15,Sports,4940.07,1199.0,8,West,Pune,53,Standard,Completed,sheila14@example.org,benjamin96,UPI
248,1178,2024-11-13,2024-11-13 15:10:13,12,Furniture,3105.95,1631.2,5,North,Mumbai,26,Standard,Completed,urice@example.org,avilatiffany,Cash
722,1269,2026-03-18,2026-03-18 19:59:18,13,Sports,2816.89,1562.07,5,West,Mumbai,45,Standard,Cancelled,chavezjohn@example.net,steelerichard,Card
282,1238,2025-03-29,2025-03-29 04:59:34,10,Grocery,1670.14,1115.12,1,East,Bengaluru,36,Standard,Cancelled,carlsonkristen@example.com,carterpaul,UPI
894,1107,2025-05-06,2025-05-06 00:22:25,18,Electronics,56.93,707.97,10,East,Hyderabad,23,Standard,Cancelled,henrysarah@example.com,bwhite,Cash
915,1037,2026-06-26,2026-06-26 23:42:32,16,Sports,4358.86,79.77,6,South,Bengaluru,33,Premium,Completed,nashmarcus@example.com,david87,UPI
811,1139,2026-05-01,2026-05-01 18:15:54,16,Electronics,4757.52,731.97,7,South,Chennai,46,Standard,Cancelled,aruiz@example.com,gmcdowell,UPI
245,1095,2026-01-28,2026-01-28 23:11:37,14,Furniture,194.5,,4,West,Mumbai,45,Standard,Completed,williamsmelvin@example.org,michaelcesar,UPI
823,1108,2024-10-09,2024-10-09 07:44:13,6,Clothing,341.96,381.8,4,East,Kolkata,44,Standard,Cancelled,tmcdaniel@example.com,qfitzgerald,UPI
322,1176,2026-05-08,2026-05-08 18:58:39,14,Grocery,1946.07,981.46,10,West,Bengaluru,29,Standard,Pending,penajohn@example.com,brettgarrett,Cash
644,1210,2025-03-04,2025-03-04 20:01:23,12,Electronics,3323.14,510.28,5,North,Kolkata,62,Premium,Pending,justinpatel@example.com,nelsoneric,Cash
159,1146,2026-04-04,2026-04-04 08:07:18,16,Clothing,657.06,1708.6,8,South,Kolkata,63,Standard,Completed,newmantiffany@example.org,jford,UPI
978,1110,2026-05-14,2026-05-14 02:03:16,15, Furniture ,980.19,226.98,4,East,Delhi,37,Standard,Cancelled,jenniferwilliams@example.net,ochoamarcus,Cash
430,1079,2025-01-12,2025-01-12 01:52:02,4,Electronics,4604.93,1358.11,8,North,Delhi,52,Premium,Pending,stephenmadden@example.com,lwilliams,Card
942,1096,2026-05-14,2026-05-14 08:10:25,14,Sports,3883.2,1209.87,4,East,Bengaluru,30,Premium,Pending,victor72@example.com,alicia77,Card
463,1250,2024-10-25,2024-10-25 00:18:30,7,Sports,973.8,708.38,8,East,Pune,56,Premium,Completed,ayalacolleen@example.net,tracy98,UPI
310,1010,2025-04-08,2025-04-08 13:28:02,11,Grocery,4760.73,166.92,3,West,Bengaluru,64,Premium,Cancelled,wolfscott@example.org,pgarcia,Cash
698,1103,2024-07-26,2024-07-26 23:27:01,10,Sports,4155.78,,6,North,Bengaluru,58,Standard,Pending,morganjennifer@example.com,lewisdesiree,Card
61,1208,2025-04-19,2025-04-19 09:29:39,16,Sports,3802.92,1387.41,8,West,Delhi,19,Premium,Pending,benderkenneth@example.com,vmedina,Cash
885,1270,2026-04-21,2026-04-21 07:14:33,20,Grocery,1229.35,566.37,10,West,Bengaluru,24,Premium,Cancelled,martinezashley@example.org,davidtorres,UPI
596,1196,2025-04-25,2025-04-25 15:44:14,12,Furniture,3114.71,743.83,3,North,Chennai,63,Premium,Completed,elizabeth51@example.org,michelle63,Card
768,1156,2026-01-12,2026-01-12 20:19:20,15,Clothing,1879.72,757.25,3,West,Pune,63,Premium,Completed,samanthayork@example.com,helen27,Cash
650,1221,2025-12-11,2025-12-11 02:40:17,18,Grocery,1040.38,816.56,10,West,Mumbai,66,Premium,Completed,oruiz@example.org,roberta62,UPI
651,1264,2025-12-23,2025-12-23 03:41:46,6,Sports,2521.06,1328.4,8,East,Kolkata,58,Standard,Cancelled,kristina57@example.com,jonesdaniel,UPI
866,1029,2025-02-09,2025-02-09 11:54:05,3,Grocery,2793.09,995.84,1,West,Mumbai,50,Premium,Pending,fgill@example.net,mooremichael,Card
669,1219,2026-05-20,2026-05-20 09:17:45,20,Grocery,788.79,1916.91,3,North,Bengaluru,63,Standard,Pending,sanchezcrystal@example.net,suttonamber,UPI
299,1028,2025-05-25,2025-05-25 10:02:26,8,Sports,4240.2,1598.83,6,South,Bengaluru,33,Standard,Cancelled,laurensoto@example.org,vfoster,UPI
690,1282,2024-07-25,2024-07-25 10:10:45,3,Electronics,2591.4,1031.09,7,North,Chennai,60,Standard,Pending,duncanjohn@example.com,mosleyeduardo,Card
315,1250,2025-05-13,2025-05-13 13:24:26,9,Electronics,3227.24,787.3,6,West,Hyderabad,29,Standard,Completed,michelle22@example.org,jenniferpoole,Card
311,1173,2026-02-01,2026-02-01 10:21:58,20,Sports,4471.47,1414.92,7,South,Mumbai,45,Premium,Completed,nancy07@example.com,michelle17,Cash
362,1009,2024-08-14,2024-08-14 07:56:34,4,Furniture,2091.08,1123.12,1,North,Delhi,56,Standard,Cancelled,,crystalpham,UPI
480,1076,2025-09-21,2025-09-21 04:23:44,11,Sports,3503.95,323.33,7,West,Delhi,56,Premium,Completed,michael31@example.com,mcculloughlouis,Card
111,1220,2025-04-02,2025-04-02 17:25:09,4, Electronics ,4271.32,1308.81,9,South,Chennai,46,Premium,Pending,hthomas@example.com,georgemiller,Card
276,1028,2025-09-11,2025-09-11 12:57:28,10,Clothing,641.24,1421.64,1,South,Chennai,40,Standard,Completed,patrick21@example.net,brian63,Card
487,1108,2025-04-08,2025-04-08 14:23:04,7,Sports,2640.17,532.14,8,South,Mumbai,62,Premium,Pending,patricialawrence@example.com,stevendixon,UPI
364,1186,2025-07-23,2025-07-23 12:30:33,15,Electronics,532.31,1324.64,1,East,Hyderabad,58,Standard,Cancelled,bnelson@example.com,anthonycochran,UPI
255,1044,2025-12-01,2025-12-01 15:35:36,15,Electronics,3889.38,489.15,10,East,Pune,63,Standard,Completed,heather62@example.com,iwhite,UPI
260,1232,2026-06-25,2026-06-25 01:32:55,16,Grocery,2930.68,1740.44,2,West,Mumbai,60,Standard,Completed,,randyallen,UPI
803,1198,2026-04-13,2026-04-13 15:23:59,5,Grocery,917.89,1528.2,6,West,Bengaluru,39,Premium,Cancelled,danielnavarro@example.org,tyler13,UPI
678,1225,2024-08-09,2024-08-09 11:40:09,2,Clothing,785.67,475.12,1,West,Hyderabad,28,Standard,Pending,karla10@example.org,tross,Cash
495,1289,2025-04-05,2025-04-05 07:04:59,6,Grocery,385.68,1075.26,2,South,Hyderabad,27,Premium,Pending,guerrerorobert@example.com,olsontimothy,Card
671,1105,2025-09-16,2025-09-16 01:25:47,20,Clothing,4976.28,580.28,4,West,Bengaluru,44,Premium,Completed,robert44@example.org,nealcarla,Card
378,1066,2026-03-02,2026-03-02 15:31:52,6,Sports,4237.77,31.18,8,South,Bengaluru,27,Standard,Cancelled,franciscojones@example.org,andrew41,Cash
527,1044,2024-09-29,2024-09-29 23:06:28,11,Furniture,4451.47,224.14,5,North,Mumbai,66,Standard,Cancelled,astewart@example.org,nicolasgarcia,Cash
846,1173,2024-11-14,2024-11-14 12:54:12,19,Furniture,4850.15,1261.41,7,South,Bengaluru,25,Premium,Pending,meganwilliams@example.com,lee77,Card
138,1121,2024-10-24,2024-10-24 00:42:10,15,Sports,1460.39,1502.1,8,South,Chennai,33,Standard,Pending,fjones@example.org,vdavis,Cash
356,1213,2025-09-02,2025-09-02 14:10:38,19,Furniture,4021.21,1363.22,3,West,Delhi,40,Premium,,codygarcia@example.org,smithmaria,UPI
366,1201,2025-11-20,2025-11-20 21:14:49,7, Furniture ,4131.54,397.35,6,North,Delhi,44,Premium,Cancelled,amanda03@example.net,lkelly,UPI
943,1008,2025-06-30,2025-06-30 12:20:07,10, Grocery ,2535.32,1738.16,8,West,Hyderabad,44,Standard,Pending,ylittle@example.net,clarkpatricia,UPI
750,1272,2026-02-04,2026-02-04 08:09:36,20,Grocery,3419.37,1768.54,1,West,Mumbai,61,Premium,Pending,jacobjames@example.net,twilliams,Card
949,1123,2024-11-30,2024-11-30 14:18:29,1,Furniture,211.74,71.97,6,East,Hyderabad,28,Standard,Completed,emilywright@example.net,james92,UPI
830,1204,2024-11-02,2024-11-02 19:15:05,20,Electronics,1774.25,1879.39,8,North,Delhi,42,Standard,Cancelled,fgraham@example.org,tkelly,Cash
657,1071,2025-02-22,2025-02-22 01:22:21,8,Electronics,2876.32,1010.49,2,East,Chennai,23,Premium,Cancelled,georgegina@example.net,pmurphy,Cash
200,1277,2025-05-12,2025-05-12 05:04:50,2,Electronics,4931.38,954.7,5,West,Bengaluru,67,Premium,Cancelled,martinezlogan@example.org,howens,UPI
214,1189,2025-05-05,2025-05-05 12:44:58,11,Furniture,276.29,1730.89,3,North,Hyderabad,53,Standard,Pending,michaelroberts@example.com,rduran,Cash
409,1229,2024-10-14,2024-10-14 14:11:13,20,Furniture,4343.15,357.72,7,South,Delhi,55,Premium,Cancelled,rioswhitney@example.com,vsullivan,UPI
333,1144,2024-12-12,2024-12-12 21:38:49,10,Electronics,2434.61,685.84,5,East,Pune,35,Standard,Cancelled,fryraymond@example.com,zhenderson,UPI
209,1153,2025-01-01,2025-01-01 05:43:32,5,Furniture,4577.97,1133.52,7,South,Hyderabad,33,Standard,,adamsjohn@example.org,robertspatrick,Card
614,1155,2025-02-19,2025-02-19 20:18:49,16,Sports,4933.86,150.91,10,West,Bengaluru,18,Standard,Cancelled,steven64@example.net,vaughnrebecca,Card
79,1067,2025-05-24,2025-05-24 07:49:07,10,Furniture,4410.19,,1,South,Mumbai,28,Standard,Cancelled,michael74@example.com,jerry35,Cash
30,1104,2025-09-24,2025-09-24 15:25:41,9,Sports,2468.23,1812.57,1,North,Mumbai,45,Standard,Completed,brianromero@example.org,larsonemma,Cash
536,1124,2025-08-20,2025-08-20 04:28:01,18,Clothing,4870.76,779.96,6,South,Delhi,62,Standard,Pending,michael87@example.net,ypreston,UPI
696,1074,2024-09-18,abcd,8, Furniture ,4218.34,,9,South,Bengaluru,37,Standard,Completed,tom73@example.org,leejennifer,Card
558,1139,2025-08-06,2025-08-06 20:15:00,11, Grocery ,1372.08,214.59,10,West,Chennai,67,Premium,Cancelled,timothy43@example.com,boyerjeff,UPI
837,1295,2026-03-09,2026-03-09 07:55:47,1,Grocery,356.33,1080.49,7,West,Hyderabad,67,Standard,Cancelled,paynecarrie@example.org,pscott,Cash
597,1122,2025-04-19,2025-04-19 20:07:20,18,Electronics,3262.74,1480.01,10,South,Delhi,65,Premium,Pending,mckeetodd@example.net,lopezvincent,Card
166,1078,2026-01-22,2026-01-22 01:38:15,6,Sports,3617.13,1218.18,10,North,Delhi,19,Premium,Completed,lucasrodney@example.com,coxhenry,UPI
919,1193,2024-07-16,2024-07-16 10:22:16,5,Clothing,2031.99,130.87,7,South,Delhi,65,Premium,Cancelled,mary31@example.com,susanwall,Card
496,1210,2024-12-08,2024-12-08 04:30:06,10,Furniture,3740.77,1646.96,5,South,Delhi,30,Premium,Completed,deborahjenkins@example.org,,Cash
825,1051,2024-07-02,2024-07-02 16:13:31,1,Electronics,1367.1,1911.32,10,North,Bengaluru,31,Premium,Pending,zturner@example.net,david80,UPI
66,1052,2026-01-30,2026-01-30 07:59:59,1,Sports,1457.48,967.85,6,South,Bengaluru,34,Standard,Completed,cookemichael@example.net,harringtondenise,Cash
142,1257,2026-02-10,2026-02-10 20:24:46,12,Clothing,1961.52,181.58,4,North,Hyderabad,24,Standard,Completed,lindsaybruce@example.net,lynchdiane,Cash
926,1118,2024-08-19,2024-08-19 06:34:19,7,Clothing,3855.69,338.87,9,East,Chennai,68,Premium,Pending,rebeccamartinez@example.net,michael79,Card
828,1013,2026-05-30,2026-05-30 06:41:26,20,Electronics,4351.58,573.35,4,East,Chennai,57,Standard,Cancelled,zachary62@example.com,jgallagher,Card
656,1042,2026-01-23,2026-01-23 14:09:08,11,Sports,1525.0,145.89,7,East,Mumbai,60,Premium,Pending,mwilson@example.com,,UPI
332,1111,2025-04-07,2025-04-07 18:10:53,15,Grocery,3402.12,1652.14,7,North,Bengaluru,50,Standard,Cancelled,kathrynbest@example.org,matthewsalexander,UPI
665,1094,2025-06-02,2025-06-02 17:23:16,15,Clothing,65.23,416.15,5,East,Chennai,23,Premium,Completed,taylorlinda@example.com,dhanson,Cash
250,1249,2024-11-21,2024-11-21 13:37:49,18,Clothing,2796.82,989.49,3,South,Hyderabad,46,Premium,Pending,johnsondonna@example.net,allencarlos,Cash
908,1075,2025-12-26,2025-12-26 13:58:12,11,Clothing,1983.47,1448.26,8,North,Bengaluru,54,Standard,Cancelled,ymedina@example.net,ryanpatricia,Card
709,1226,2024-09-10,2024-09-10 08:43:23,17,Furniture,3676.13,216.6,6,East,Delhi,26,Premium,Completed,michelle88@example.org,qtownsend,Card
306,1162,2024-10-14,2024-10-14 08:38:56,20,Clothing,3216.25,226.14,8,South,Hyderabad,65,Premium,Completed,megan90@example.com,washingtonjames,Card
735,1029,2025-07-10,2025-07-10 23:23:23,10,Furniture,538.78,302.07,6,East,Hyderabad,70,Premium,Completed,kellis@example.org,george43,Cash
976,1123,2024-08-07,2024-08-07 11:23:41,19,Furniture,3323.28,1953.17,6,West,Bengaluru,23,Standard,Pending,williamsnicholas@example.org,nicholasallen,UPI
50,1139,2026-02-28,2026-02-28 14:23:47,14,Furniture,193.67,685.54,7,South,Pune,47,Premium,Cancelled,steven73@example.net,yleon,UPI
897,1166,2024-07-19,2024-07-19 04:23:50,9,Clothing,2929.24,1619.31,7,South,Chennai,32,Standard,Pending,evanscorey@example.org,qorozco,Cash
3,1216,2024-11-29,2024-11-29 18:20:08,11,Grocery,819.62,1915.28,6,North,Bengaluru,42,Premium,Pending,lrobinson@example.com,blakeerik,Card
545,1070,2025-08-16,2025-08-16 16:10:35,14,Furniture,4473.23,1396.87,7,South,Chennai,50,Standard,Cancelled,timothy31@example.com,michael42,Card
351,1246,2024-12-28,2024-12-28 15:31:37,11,Clothing,63.55,1349.83,2,West,Bengaluru,23,Premium,Cancelled,melissa65@example.com,enelson,UPI
905,1057,2026-05-11,2026-05-11 11:37:48,16,Clothing,4954.3,464.55,5,East,Bengaluru,57,Standard,Completed,cherylbernard@example.com,cynthia74,Card
537,1175,2025-10-17,2025-10-17 13:58:14,18,Clothing,906.77,1345.82,10,West,Bengaluru,55,Standard,Pending,jwelch@example.org,robert99,UPI
345,1183,2026-01-23,2026-01-23 17:28:18,7,Clothing,4743.02,1838.05,7,North,Bengaluru,32,Premium,Completed,stevenvargas@example.com,jessicapayne,UPI
495,1289,2025-04-05,2025-04-05 07:04:59,6,Grocery,385.68,1075.26,2,South,Hyderabad,27,Premium,Pending,guerrerorobert@example.com,olsontimothy,Card
482,1256,2024-07-01,2024-07-01 23:53:48,14,Clothing,3822.06,972.23,4,West,Hyderabad,59,Premium,Cancelled,kristenjoseph@example.net,xhill,UPI
576,1294,2026-06-23,2026-06-23 01:29:47,18,Clothing,1641.87,1930.09,4,North,Mumbai,29,Standard,Completed,andrea55@example.com,umckenzie,Cash
34,1012,2025-01-19,2025-01-19 05:25:08,6,Grocery,3922.81,835.19,4,East,Bengaluru,68,Premium,Pending,nicole35@example.com,samueldaniels,Cash
32,1189,2025-09-24,2025-09-24 18:59:37,19, Sports ,783.06,272.34,5,East,Kolkata,68,Premium,Pending,sarah35@example.org,randy47,Cash
232,1032,2026-06-23,2026-06-23 05:33:42,6,Furniture,1416.01,613.51,2,East,Hyderabad,33,Standard,Cancelled,lfrench@example.net,nancy04,UPI
964,1032,2024-08-16,2024-08-16 02:41:40,15,Clothing,4452.78,1917.03,5,West,Hyderabad,56,Standard,Pending,pjacobs@example.net,renee77,Cash
193,1120,2025-04-12,2025-04-12 04:05:58,15,Grocery,4772.47,617.85,10,North,Hyderabad,59,Standard,Cancelled,berryalyssa@example.com,debra31,Cash
334,1152,2024-08-31,2024-08-31 15:22:28,7,Clothing,2610.6,495.8,1,West,Mumbai,38,Premium,Cancelled,joshuacollins@example.net,terrimoore,Cash
4,1135,2025-05-22,2025-05-22 23:20:27,2,Furniture,2704.33,1946.77,7,North,Chennai,36,Standard,,eric51@example.org,wdavis,Cash
205,1228,2026-03-30,2026-03-30 05:26:53,20,Electronics,1261.43,107.59,8,South,Chennai,31,Premium,Completed,williamsdarlene@example.net,debra96,UPI
515,1147,2024-09-03,2024-09-03 10:45:12,14,Sports,4246.6,534.13,10,East,Kolkata,26,Standard,Cancelled,zgomez@example.com,aprilmclaughlin,UPI
800,1277,2025-05-21,2025-05-21 08:01:58,13,Furniture,647.98,443.28,6,East,Bengaluru,18,Standard,Cancelled,harrisjoseph@example.org,kristine48,Card
307,1163,2025-04-22,2025-04-22 04:45:29,6,Electronics,4117.23,1346.65,6,West,Bengaluru,34,Premium,Completed,fortiz@example.com,fburns,UPI
110,1075,2025-11-02,2025-11-02 07:14:00,3,Clothing,1411.33,1273.49,9,East,Hyderabad,56,Standard,Pending,wallaceheather@example.org,nguyenbrian,UPI
431,1161,2026-05-07,2026-05-07 09:34:20,16,Sports,4350.41,991.79,9,East,Hyderabad,32,Premium,Completed,michael56@example.net,daviskatherine,UPI
78,1236,2025-02-11,2025-02-11 19:24:14,14,Electronics,978.53,736.32,8,West,Delhi,21,Premium,Pending,tholt@example.net,thomas85,UPI
85,1242,2026-02-11,2026-02-11 01:28:23,13,Furniture,4942.65,1588.94,3,West,Bengaluru,26,Standard,Completed,kimberlyjames@example.com,michelle64,Card
287,1133,2025-02-16,2025-02-16 04:12:52,11,Furniture,3518.59,1476.0,6,West,Hyderabad,32,Premium,Completed,timothythompson@example.com,kelly79,Cash
83,1152,2025-06-05,2025-06-05 07:00:30,19,Sports,4994.57,989.49,3,West,Chennai,48,Standard,Pending,tammyking@example.com,shortrichard,UPI
708,1052,2025-10-16,2025-10-16 18:41:06,18,Electronics,2561.16,350.75,2,South,Kolkata,41,Premium,Cancelled,michael08@example.org,davidmoreno,Card
790,1091,2026-03-17,2026-03-17 05:15:58,20,Furniture,2316.25,1823.45,3,North,Hyderabad,62,Premium,Completed,vazquezjamie@example.com,garrett45,Cash
895,1209,2026-04-26,2026-04-26 01:39:49,20,Grocery,,133.38,1,East,Bengaluru,64,Standard,Completed,patrick11@example.org,justinwhite,Card
399,1241,2024-08-17,2024-08-17 00:09:19,5,Grocery,1992.87,1785.05,10,East,Bengaluru,47,Premium,Pending,htaylor@example.net,thompsonnancy,Card
324,1172,2025-10-02,2025-10-02 00:06:16,10,Grocery,1437.72,993.41,2,South,Bengaluru,37,Standard,Pending,ssmith@example.com,mcneilrobert,Card
520,1069,2025-07-07,2025-07-07 20:44:39,16,Clothing,3154.64,1786.28,9,East,Chennai,68,Standard,Cancelled,carlos33@example.com,hmoses,Cash
917,1006,2024-07-02,2024-07-02 16:55:58,10,Electronics,821.64,1764.69,1,South,Chennai,28,Premium,Pending,matthewbeard@example.org,tiffanycoleman,Card
923,1161,2024-09-15,2024-09-15 22:56:33,3,Grocery,91.97,726.17,5,West,Chennai,30,Standard,Pending,hansenkenneth@example.com,wdavis,UPI
6,1083,2025-10-21,2025-10-21 11:41:44,12,Grocery,1087.06,548.62,2,South,Chennai,64,Premium,Completed,janetwilliams@example.org,tracie31,Card
732,1296,2026-05-26,2026-05-26 09:24:24,15,Electronics,4044.26,1221.57,7,North,Chennai,19,Standard,Pending,susan11@example.org,daniel27,Cash
466,1144,2025-07-01,2025-07-01 01:10:50,11,Furniture,3222.47,238.72,9,North,Bengaluru,26,Premium,Completed,wilsonmichael@example.org,susanfleming,Cash
98,1173,2025-01-21,2025-01-21 22:16:42,4,Furniture,4816.32,298.7,4,West,Pune,69,Standard,Completed,sarakim@example.net,omartinez,Card
267,1068,2024-12-14,2024-12-14 01:26:08,5,Electronics,2676.02,36.78,3,West,Hyderabad,64,Premium,Cancelled,nbrooks@example.net,bhopkins,UPI
358,1268,2026-03-21,2026-15-10 08:30:20,19,Sports,1158.73,1912.41,6,North,Chennai,60,Premium,Pending,osbornjames@example.net,flamb,Card
869,1180,2026-02-03,2026-02-03 12:32:01,2,Furniture,2502.76,357.56,2,East,Kolkata,61,Premium,Cancelled,icobb@example.com,dhardin,Cash
799,1085,2025-05-09,2025-05-09 12:54:22,6,Electronics,2107.62,233.21,6,East,Chennai,58,Premium,Cancelled,hernandezanthony@example.com,bwashington,Cash
381,1271,2025-03-12,2025-03-12 23:37:56,16,Sports,4127.26,1962.64,1,North,Mumbai,40,Standard,Completed,robertspencer@example.net,donna43,UPI
632,1147,2025-05-15,2025-05-15 17:08:56,18,Electronics,457.13,997.55,7,East,Chennai,56,Standard,Cancelled,michael30@example.net,hannahking,Card
382,1124,2024-09-10,2024-09-10 16:41:44,2,Grocery,1937.79,1596.49,2,West,Hyderabad,52,Standard,Completed,farmstrong@example.org,wardronald,UPI
491,1201,2026-05-13,2026-05-13 05:01:25,6,Electronics,1766.56,716.79,5,South,Chennai,35,Premium,Cancelled,hoopermario@example.net,mary49,Card
119,1025,2026-02-28,2026-02-28 01:15:34,3,Grocery,2243.41,859.55,10,West,Hyderabad,35,Premium,Cancelled,alyssa42@example.com,scoffey,Cash
901,1022,2024-09-01,2024-09-01 20:52:27,5,Clothing,3862.08,549.96,10,North,Delhi,18,Premium,Cancelled,kristathomas@example.net,kimberlymedina,UPI
251,1248,2025-10-02,2025-10-02 13:01:37,5, Clothing ,4085.32,1928.38,9,West,Hyderabad,61,Standard,Pending,tharper@example.org,joymorales,UPI
524,1110,2026-06-12,2026-06-12 19:39:40,17,Grocery,916.31,760.95,1,South,Kolkata,23,Standard,Cancelled,waustin@example.net,charlesnathan,Cash
10,1046,2025-05-05,2025-05-05 17:39:27,2,Electronics,806.56,,7,North,Hyderabad,42,Standard,Cancelled,clarksherri@example.net,jason76,Card
197,1258,2025-08-23,2025-08-23 23:50:40,7,Sports,2706.47,345.78,9,West,Bengaluru,61,Premium,Cancelled,melissa25@example.net,davidharris,UPI
604,1145,2024-10-28,2024-10-28 09:52:03,15,Clothing,3112.22,338.36,9,East,Bengaluru,29,Premium,Completed,grantstacy@example.org,lonniehobbs,Cash
82,1260,2025-02-09,2025-02-09 09:40:34,5,Electronics,1417.42,1584.21,7,East,Kolkata,68,Standard,Completed,danamullins@example.org,andrewstaylor,Card
784,1283,2025-08-20,2025-08-20 08:41:55,6,Electronics,4141.05,1214.66,1,South,Bengaluru,22,Standard,Pending,kalvarez@example.net,myerstroy,Cash
588,1214,2026-02-09,2026-02-09 05:32:44,6,Grocery,1138.28,604.42,3,South,Mumbai,53,Premium,Completed,fhansen@example.com,annshea,Card
798,1102,2025-11-02,2025-11-02 11:05:57,3,Electronics,2137.33,1978.8,6,South,Mumbai,60,Premium,Completed,sadams@example.net,jonathanburke,Cash
240,1132,2025-10-11,2025-10-11 11:53:57,8,Sports,3746.92,1124.83,10,South,Chennai,41,Standard,Pending,emiles@example.net,kathleenbecker,UPI
291,1281,2026-03-02,2026-03-02 03:47:03,8,Electronics,2337.11,1611.72,3,North,Bengaluru,21,Premium,Completed,colecarla@example.net,sferguson,Cash
212,1060,2024-12-31,2024-12-31 10:38:43,16, Clothing ,3493.35,1413.46,7,South,Chennai,38,Standard,Pending,brandon47@example.net,amitchell,Card
718,1258,2025-02-12,2025-02-12 10:53:31,4,Electronics,4215.84,534.32,9,East,Bengaluru,21,Premium,,kristinelittle@example.net,belindatran,Card
360,1251,2025-07-18,2025-07-18 18:52:23,11,Clothing,1687.93,570.75,9,South,Chennai,59,Standard,Pending,,rebekahhill,Cash
450,1287,2026-01-20,2026-01-20 06:05:28,14,Furniture,1286.99,1435.58,7,West,Bengaluru,34,Premium,Pending,eroberson@example.net,heatherthompson,UPI
228,1151,2024-09-20,2024-09-20 17:39:19,8,Electronics,456.09,325.36,3,West,Hyderabad,41,Premium,Completed,johnsantiago@example.net,danawilliams,Cash
951,1206,2026-02-06,2026-02-06 18:45:08,11,Sports,834.3,477.32,3,North,Mumbai,54,Standard,Cancelled,kennedywilliam@example.org,uperez,Card
947,1215,2025-04-20,2025-04-20 08:58:42,7,Clothing,3895.56,1112.14,2,South,Pune,48,Premium,Pending,scottbaker@example.org,rachel48,Card
797,1052,2024-10-20,2024-10-20 12:38:44,13,Grocery,2247.73,1204.45,1,West,Delhi,30,Premium,Pending,juliecannon@example.com,eflores,Cash
502,1231,2024-07-28,2024-07-28 03:36:54,15,Electronics,4395.01,506.53,9,West,Delhi,20,Standard,Cancelled,davisdonna@example.net,princekimberly,UPI
465,1009,2024-09-07,2024-09-07 10:58:42,20,Grocery,3891.28,492.8,2,West,Bengaluru,51,Standard,Cancelled,nicolealvarado@example.com,kelly98,Cash
363,1105,2026-03-07,2026-03-07 10:05:13,15,Grocery,1848.55,127.46,4,West,Hyderabad,53,Standard,Cancelled,wcasey@example.com,kcooper,UPI
469,1212,2024-09-10,2024-09-10 14:53:27,12,Electronics,4127.03,546.31,1,North,Pune,37,Premium,Completed,simsjason@example.net,michellecoleman,UPI
936,1194,2025-03-18,2025-03-18 07:05:33,2,Grocery,3958.32,1957.55,4,North,Bengaluru,19,Standard,Pending,gregorysmith@example.com,smitherica,Card
429,1097,2026-06-02,2026-06-02 18:36:27,16,Clothing,1212.56,499.27,5,South,Bengaluru,30,Premium,Cancelled,fhernandez@example.net,cummingscraig,Card
8,1033,2025-10-14,2025-10-14 11:18:09,7,Sports,4388.02,643.06,8,West,Pune,59,Standard,Completed,amandasanchez@example.com,onelson,Card
156,1224,2024-10-24,2024-10-24 06:05:09,2,Clothing,382.81,1561.46,6,East,Hyderabad,54,Premium,Cancelled,thompsonkendra@example.com,wwebster,Cash
542,1027,2025-11-18,2025-11-18 16:19:14,1,Sports,4112.73,731.3,5,North,Bengaluru,45,Standard,Cancelled,jerome47@example.net,davidroberson,Card
441,1215,2025-07-26,2025-07-26 09:36:50,20,Sports,2053.62,1816.0,2,South,Hyderabad,32,Standard,Pending,ppowell@example.org,kwallace,UPI
483,1268,2024-10-10,2024-10-10 01:21:55,8,Clothing,404.64,1558.01,6,North,Bengaluru,60,Standard,Pending,natalie77@example.com,tony12,Card
423,1207,2025-04-08,2025-04-08 17:41:23,19,Clothing,2612.83,1479.11,2,North,Chennai,36,Standard,Pending,brooksdanielle@example.net,wheelerbrandon,Card
779,1262,2024-10-24,2024-10-24 22:58:02,5,Furniture,1176.51,,4,West,Bengaluru,51,Standard,Cancelled,wolfdonna@example.net,msparks,Card
950,1200,2026-04-23,2026-04-23 14:09:07,7,Sports,3239.95,1660.53,10,West,Bengaluru,58,Standard,Cancelled,alan44@example.com,lbautista,Cash
335,1254,2025-03-08,2025-03-08 16:25:11,10,Grocery,4539.21,821.11,1,South,Hyderabad,64,Premium,Cancelled,collinssamuel@example.org,sanchezsandy,UPI
577,1140,2025-10-13,2025-10-13 04:35:56,5,Furniture,881.85,752.46,3,West,Bengaluru,55,Premium,Completed,nicholaspierce@example.net,michael77,Cash
935,1243,2025-10-31,2025-10-31 07:32:29,4, Grocery ,2300.16,1099.26,8,South,Mumbai,31,Standard,Cancelled,bradley03@example.org,grant42,Cash
568,1001,2025-11-07,2025-11-07 22:49:56,13,Furniture,649.96,1079.9,6,East,Mumbai,37,Standard,Completed,davisdonna@example.org,gregoryjohnson,UPI
595,1277,2025-08-11,2025-08-11 18:01:40,19,Clothing,3949.07,180.3,6,North,Chennai,61,Standard,Completed,george43@example.net,brian01,Cash
531,1054,2026-04-24,2026-04-24 21:47:27,13,Electronics,476.29,796.0,10,West,Mumbai,40,Standard,Pending,,lshaffer,Cash
582,1099,2026-03-05,2026-03-05 10:15:01,4,Clothing,3441.96,1937.78,8,West,Bengaluru,28,Premium,Completed,tracynolan@example.net,larsonkevin,UPI
708,1052,2025-10-16,2025-10-16 18:41:06,18,Electronics,2561.16,350.75,2,South,Kolkata,41,Premium,Cancelled,michael08@example.org,davidmoreno,Card
449,1251,2025-09-28,2025-09-28 15:06:32,16,Grocery,95.21,872.26,5,South,Delhi,18,Standard,Completed,lellis@example.net,tamarasmith,Card
454,1007,2025-02-08,2025-02-08 19:35:35,16,Clothing,1742.47,636.92,8,East,Chennai,62,Premium,Pending,samantha22@example.net,jennifer58,Cash
229,1157,2025-05-15,2025-05-15 11:49:09,15,Grocery,3818.67,222.42,2,South,Chennai,46,Standard,Completed,xgarcia@example.org,oconnelltiffany,Cash
353,1184,2026-02-16,2026-02-16 19:49:56,11,Furniture,3705.77,208.1,1,North,Pune,26,Premium,Pending,qparker@example.org,mooregina,Card
729,1209,2026-02-02,2026-02-02 22:41:27,13,Clothing,4506.21,691.22,1,West,Delhi,35,Premium,Completed,karenhodges@example.com,rachael86,UPI
213,1273,2026-04-17,2026-04-17 20:30:25,12,Grocery,1344.73,1035.38,8,West,Bengaluru,69,Standard,Pending,qanderson@example.net,kathryn50,Cash
80,1282,2024-09-28,2024-09-28 09:48:53,14,Electronics,1162.27,1685.98,2,West,Kolkata,25,Premium,Pending,jamesrodgers@example.com,tina34,UPI
149,1180,2024-07-03,2024-07-03 23:08:43,18,Grocery,4076.87,366.68,8,West,Mumbai,29,Premium,Completed,sierra24@example.com,david76,UPI
303,1186,2024-09-24,2024-09-24 17:07:58,3,Grocery,3537.46,1331.04,10,North,Hyderabad,37,Standard,Completed,megan92@example.net,samantha91,Cash
629,1034,2026-06-23,2026-06-23 10:34:16,4,Sports,3828.06,1067.1,4,East,Bengaluru,66,Premium,Cancelled,ronald54@example.net,sara99,Cash
778,1070,2024-07-21,2024-07-21 15:44:06,18,Grocery,92.24,612.96,6,West,Kolkata,43,Premium,Pending,greertyrone@example.org,patrickshelton,UPI
507,1081,2025-05-24,2025-05-24 00:11:10,13,Sports,1934.0,1541.16,6,South,Bengaluru,27,Premium,Cancelled,jose86@example.net,cheryl63,Cash
343,1002,2025-04-13,2025-04-13 17:25:47,8,Clothing,3482.95,,3,North,Hyderabad,50,Standard,Completed,whitelinda@example.org,djones,Cash
486,1147,2026-02-15,2026-02-15 10:22:18,1,Grocery,,,8,West,Bengaluru,39,Premium,Cancelled,rebeccaarnold@example.net,jvaldez,UPI
712,1264,2024-09-17,2024-09-17 03:52:33,12,Electronics,2240.76,1544.9,9,North,Bengaluru,39,Standard,Pending,buckleygregory@example.org,erobertson,Cash
134,1043,2025-07-13,2025-07-13 19:56:04,10,Sports,1914.56,1587.49,3,North,Mumbai,60,Standard,Cancelled,fjones@example.com,cameronhill,Card
704,1251,2024-09-29,2024-09-29 15:45:15,4,Furniture,4718.12,997.58,4,South,Chennai,21,Premium,Pending,katherinejackson@example.com,samuelfrost,Card
312,1169,2026-05-01,2026-05-01 15:29:30,7,Clothing,2075.94,1117.14,9,East,Mumbai,36,Standard,Completed,,michelle96,Cash
723,1213,2024-12-14,2024-12-14 13:47:32,6,Clothing,2553.64,979.83,8,South,Mumbai,50,Premium,,kenneth10@example.com,evan79,Cash
630,1109,2025-07-18,2025-07-18 08:35:05,17,Furniture,1863.99,1186.97,8,North,Bengaluru,40,Standard,Pending,lvasquez@example.net,jeanettekrause,Cash
1,1057,2025-11-06,2025-11-06 03:34:23,1,Grocery,1262.21,296.29,2,North,Mumbai,45,Premium,Completed,figueroajohn@example.org,rhodespatricia,Cash
317,1176,2024-08-25,2024-08-25 21:40:58,18,Furniture,4854.99,1187.66,9,North,Pune,42,Standard,Cancelled,powellkara@example.net,shawn75,UPI
707,1263,2024-12-05,2024-12-05 11:14:06,20,Electronics,3546.7,1854.73,8,West,Pune,66,Premium,Completed,alexandra63@example.org,carlsonjennifer,UPI
548,1040,2025-04-14,2025-04-14 22:58:12,5,Sports,4918.72,1967.66,5,West,Chennai,23,Premium,Completed,bkhan@example.com,frankmclaughlin,Card
873,1128,2026-05-28,2026-05-28 08:02:06,8,Furniture,2007.03,612.58,7,South,Chennai,69,Standard,Completed,isabellagriffin@example.org,zterry,Card
533,1114,2025-09-07,2025-09-07 14:29:05,5,Sports,1327.36,739.63,3,East,Delhi,38,Standard,Pending,rosshannah@example.org,lisawoods,Cash
478,1295,2024-10-31,2024-10-31 03:56:04,13,Electronics,3911.6,1845.31,6,East,Pune,70,Standard,Pending,christinaking@example.org,emilybradley,Cash
405,1003,2025-02-20,2025-02-20 06:15:42,17,Clothing,2227.5,475.38,9,East,Bengaluru,27,Premium,Completed,rodney65@example.com,jeffery48,Card
173,1144,2026-04-20,2026-04-20 21:11:12,16,Sports,4417.58,1315.43,8,East,Chennai,18,Premium,Pending,christopher24@example.com,mariahdavis,Cash
126,1075,2025-10-19,2025-10-19 18:36:24,8,Electronics,774.9,410.6,10,South,Delhi,66,Premium,Completed,antonio53@example.com,xsampson,UPI
395,1078,2025-10-13,2025-10-13 16:41:32,19,Sports,1854.24,646.34,7,South,Bengaluru,38,Premium,Completed,vwilliams@example.net,brandonalvarez,UPI
421,1029,2025-02-08,2025-02-08 02:38:08,6,Furniture,2222.91,419.38,9,East,Bengaluru,20,Premium,Cancelled,ryan25@example.com,,Cash
553,1077,2024-12-25,2024-12-25 20:35:54,15,Grocery,4048.81,537.28,4,West,Bengaluru,69,Premium,Pending,alexisrobinson@example.com,kristi75,Cash
904,1072,2024-08-02,2024-08-02 00:34:24,1,Clothing,168.8,865.73,3,East,Mumbai,36,Premium,Cancelled,turnerrandall@example.org,jessicalutz,Card
91,1130,2025-12-23,2025-12-23 09:41:02,15,Grocery,3350.86,1799.84,8,East,Mumbai,52,Premium,Completed,vincent77@example.org,prestonjessica,Card
940,1296,2026-06-13,2026-06-13 04:30:12,20,Clothing,1652.48,1973.01,6,North,Bengaluru,47,Premium,Pending,melissaphillips@example.org,john42,Card
182,1031,2026-01-29,2026-01-29 16:52:12,5,Sports,1076.34,,8,West,Hyderabad,29,Standard,Cancelled,kristina53@example.net,ingramjill,Card
275,1033,2024-07-10,2024-07-10 22:37:49,10,Furniture,3663.29,1696.01,1,South,Bengaluru,45,Premium,,karenmarquez@example.com,evansanne,UPI
896,1008,2026-02-14,2026-02-14 17:31:17,18,Sports,576.89,1496.62,7,East,Pune,58,Premium,Pending,kristopherrussell@example.org,mendezmark,Cash
70,1080,2026-01-04,2026-01-04 12:19:16,8,Clothing,2782.36,329.93,7,West,Mumbai,56,Standard,Pending,vargasmaria@example.org,terrykevin,Cash
292,1205,2025-05-18,2025-05-18 08:59:49,12,Electronics,2932.5,532.46,2,North,Bengaluru,30,Standard,Completed,gibbsmichael@example.net,rodriguezjohn,Cash
132,1173,2026-01-25,2026-01-25 00:45:19,20,Electronics,3956.67,1301.66,2,East,Bengaluru,53,Standard,Pending,reesethomas@example.com,hayesjeffrey,Card
301,1089,2026-03-18,2026-03-18 21:18:05,16,Electronics,496.77,480.59,4,North,Chennai,48,Premium,Pending,raylauren@example.net,michaelgonzalez,UPI
425,1257,2025-07-01,2025-07-01 00:42:05,10,Grocery,4737.73,1609.83,5,East,Mumbai,46,Standard,Cancelled,jamiejennings@example.org,robert18,Card
327,1016,2025-03-27,2025-03-27 03:29:34,15,Electronics,4594.25,1415.18,5,East,Delhi,47,Standard,Cancelled,courtneyhernandez@example.com,fheath,Cash
145,1024,2025-04-16,2025-04-16 23:50:08,8,Furniture,3212.81,1253.16,2,North,Pune,49,Premium,Cancelled,xpeterson@example.com,kimberly99,UPI
424,1115,2024-09-19,2024-09-19 12:16:07,20,Clothing,2301.06,819.83,1,East,Bengaluru,44,Premium,Cancelled,williamsdarrell@example.com,qmartinez,Cash
581,1271,2025-01-08,2025-01-08 02:25:23,4,Sports,,1527.03,9,South,Chennai,67,Premium,Pending,lisa19@example.com,jessicacummings,Cash
136,1051,2024-09-13,2024-09-13 12:14:54,17,Sports,4183.84,1769.69,1,East,Pune,67,Premium,Cancelled,farrelldebra@example.net,russellbeasley,Card
451,1122,2026-03-23,2026-03-23 22:43:11,17,Sports,4047.5,1375.59,5,East,Hyderabad,30,Premium,Completed,hughescaroline@example.com,mbarnes,Cash
165,1100,2025-10-03,2025-10-03 03:57:35,18,Grocery,669.59,619.59,9,North,Chennai,59,Premium,Cancelled,collinsnicholas@example.com,elizabethcalderon,UPI
29,1068,2024-10-26,2024-10-26 22:29:26,9,Electronics,4454.08,1489.99,3,East,Hyderabad,56,Premium,Cancelled,jeff09@example.net,adkinsbrian,Card
774,1068,2025-12-19,2025-12-19 09:06:39,3,Grocery,,716.12,10,North,Chennai,50,Standard,Pending,figueroapatricia@example.org,coxjames,Card
194,1031,2024-07-18,2024-07-18 07:08:53,4,Furniture,1568.69,822.72,9,East,Mumbai,25,Standard,Pending,victorhughes@example.net,greenjorge,UPI
389,1273,2026-03-11,2026-03-11 08:19:16,8,Clothing,3746.43,1597.61,9,East,Kolkata,58,Premium,Pending,davidtodd@example.org,teresastokes,UPI
853,1216,2024-11-04,2024-11-04 11:24:21,1,Clothing,1537.97,1893.5,9,East,Mumbai,52,Standard,Completed,emaynard@example.org,mrichards,UPI
170,1054,2026-02-02,2026-02-02 23:25:21,11,Clothing,2359.04,549.59,4,South,Bengaluru,21,Standard,Pending,pyoung@example.com,mmckee,UPI
706,1061,2024-07-02,2024-07-02 13:16:59,18,Clothing,2457.51,1987.45,6,North,Delhi,53,Standard,Completed,saramann@example.net,robert72,UPI
141,1262,2025-09-19,2025-09-19 19:22:35,5,Furniture,503.98,1822.8,8,East,Kolkata,19,Standard,Completed,ericolson@example.org,megan51,Card
174,1135,2026-06-05,2026-06-05 18:49:49,12,Furniture,1861.39,813.15,10,South,Hyderabad,53,Standard,Completed,bwilkerson@example.com,sandersnathaniel,Card
7,1194,2025-04-19,2025-04-19 01:42:52,9,Sports,1137.1,662.08,1,South,Delhi,20,Standard,Pending,xreid@example.org,michael41,Card
746,1189,2024-07-07,2024-07-07 00:33:35,7,Furniture,96.35,1491.43,5,East,Bengaluru,23,Standard,Cancelled,michael78@example.org,,Cash
479,1116,2024-08-09,2024-08-09 05:53:35,20,Electronics,3187.74,1271.74,1,East,Chennai,20,Standard,Cancelled,enewman@example.com,kingjames,UPI
74,1020,2025-06-24,2025-06-24 06:18:15,14,Grocery,3038.38,71.21,4,North,Delhi,61,Standard,Cancelled,marcus31@example.com,dsanchez,Cash
911,1252,2024-09-05,2024-09-05 18:28:40,18,Sports,4115.95,781.56,10,West,Chennai,54,Premium,Cancelled,lindsey33@example.com,benjamin79,Cash
814,1100,2025-02-26,2025-02-26 19:39:23,5,Clothing,70.69,1726.08,6,West,Hyderabad,44,Standard,Cancelled,rodriguezjohn@example.net,melaniejennings,Card
239,1181,2025-12-16,2025-12-16 09:13:07,6,Sports,269.27,1967.54,7,East,Delhi,45,Premium,Completed,michael33@example.org,vhernandez,Cash
146,1294,2024-09-01,2024-09-01 14:23:12,8,Clothing,1491.8,,6,South,Chennai,44,Premium,Cancelled,ericwilliamson@example.net,,UPI
793,1236,2025-09-10,2025-09-10 13:52:06,13,Grocery,3742.49,1714.43,7,North,Bengaluru,34,Premium,Cancelled,wsimmons@example.org,william46,Cash
235,1251,2026-01-07,2026-01-07 00:04:21,19,Clothing,1663.14,574.99,7,East,Bengaluru,54,Premium,Cancelled,doylekrystal@example.net,gregorychase,UPI
221,1207,2025-01-02,2025-01-02 16:32:35,15,Sports,1253.88,1400.53,5,North,Mumbai,59,Premium,Completed,leescott@example.com,robertharris,Card
924,1182,2025-05-13,2025-05-13 00:42:46,5,Electronics,1690.03,1795.09,9,North,Chennai,69,Premium,Completed,chavezsteven@example.com,,UPI
501,1207,2024-07-10,2024-07-10 09:36:43,2,Sports,,773.14,6,West,Mumbai,65,Premium,Cancelled,mserrano@example.org,thomasmendez,Cash
133,1076,2025-10-18,2025-10-18 20:15:03,11,Electronics,2934.56,300.03,6,East,Mumbai,62,Standard,Completed,stephen00@example.com,gsimmons,UPI
583,1186,2026-01-16,2026-01-16 10:17:20,10,Clothing,2201.62,681.9,8,North,Bengaluru,65,Premium,Cancelled,dmiller@example.com,nichole66,Cash
775,1239,2024-11-30,2024-11-30 19:57:31,14,Furniture,1869.18,1005.14,5,West,Bengaluru,29,Standard,Completed,bmartinez@example.net,tramirez,Card
186,1275,2025-11-12,2025-11-12 21:38:19,9,Sports,3496.05,291.8,10,South,Bengaluru,21,Premium,Cancelled,michael05@example.com,lloydsamuel,Cash
42,1171,2026-01-21,2026-01-21 12:20:51,3,Clothing,3380.34,464.79,4,South,Bengaluru,20,Premium,Pending,vpham@example.org,erik16,UPI
697,1216,2025-10-01,2025-10-01 13:55:19,1,Electronics,,321.8,8,West,Chennai,19,Standard,Cancelled,yprice@example.net,victor70,Cash
109,1015,2025-10-20,2025-10-20 14:33:58,2,Furniture,4244.13,864.02,2,West,Mumbai,46,Premium,Completed,crystalmccall@example.org,hamiltoncorey,Card
589,1267,2025-08-09,2025-08-09 11:21:55,16,Clothing,2978.33,1677.24,5,North,Delhi,45,Premium,Completed,charlesfrank@example.com,rodriguezrobert,Card
57,1035,2025-01-15,2025-01-15 12:19:19,17,Grocery,112.63,851.72,8,North,Chennai,41,Standard,Cancelled,maryramirez@example.net,rsims,Cash
406,1060,2026-03-30,2026-03-30 19:31:31,8,Furniture,4065.3,1446.11,8,West,Chennai,31,Premium,Cancelled,asilva@example.net,anna99,Card
443,1094,2025-09-03,2025-09-03 22:11:21,1,Clothing,3652.47,1330.8,2,South,Bengaluru,43,Premium,Completed,petersenlatoya@example.net,pamela83,Cash
758,1051,2025-08-17,2025-08-17 03:17:59,11,Electronics,2297.68,669.82,4,North,Bengaluru,18,Premium,Cancelled,madeline02@example.net,nathan76,Cash
653,1104,2026-01-03,2026-01-03 12:31:32,14,Grocery,4127.37,1299.16,5,South,Hyderabad,33,Premium,,nguyendebra@example.com,amorales,Cash
25,1126,2026-03-11,2026-03-11 21:30:59,19,Sports,246.72,182.33,10,East,Kolkata,34,Premium,Cancelled,jamesherrera@example.org,dwhite,UPI
468,1113,2025-04-15,2025-04-15 05:18:18,20,Electronics,114.78,1843.65,8,North,Chennai,69,Premium,Pending,stucker@example.net,lukemiller,UPI
540,1199,2026-01-14,2026-01-14 16:34:21,20, Sports ,2263.44,427.21,6,East,Chennai,68,Standard,Pending,shelby13@example.org,egarcia,UPI
532,1273,2025-05-21,2025-05-21 13:42:51,3,Furniture,2860.56,203.97,8,North,Chennai,37,Standard,Pending,wendyatkinson@example.net,,Cash
619,1191,2025-10-16,2025-10-16 07:52:03,17,Sports,136.85,533.88,10,North,Bengaluru,38,Standard,Cancelled,cpierce@example.org,ariana22,Cash
695,1202,2025-02-08,2025-02-08 23:19:24,10,Electronics,669.19,47.47,2,North,Mumbai,30,Premium,Completed,gregorywilliams@example.com,kentprice,Card
927,1184,2025-06-08,2025-06-08 03:38:01,20,Furniture,248.06,1431.27,7,South,Bengaluru,57,Premium,Completed,devinwilliams@example.org,breanna85,UPI
339,1256,2025-10-28,2025-10-28 14:03:52,4,Furniture,2672.7,837.95,3,South,Bengaluru,39,Standard,Cancelled,xgibson@example.org,kvillarreal,Card
52,1194,2024-12-19,2024-12-19 05:30:35,11,Clothing,2300.76,688.25,7,East,Delhi,44,Standard,Completed,dylanwilliams@example.com,gibsonolivia,Card
508,1214,2025-05-14,2025-05-14 15:25:47,10,Grocery,3664.3,1922.71,5,South,Bengaluru,26,Premium,,jwhite@example.net,tking,UPI
517,1060,2025-10-11,2025-10-11 22:47:56,7,Sports,4994.99,839.8,6,East,Chennai,69,Premium,Completed,kspears@example.org,gregory81,UPI
921,1185,2025-06-09,2025-06-09 11:51:52,20, Grocery ,188.84,578.77,9,North,Bengaluru,31,Premium,Pending,millerbruce@example.org,sedwards,Cash
782,1275,2025-06-06,2025-06-06 19:37:48,10,Grocery,2955.43,1143.8,1,South,Bengaluru,39,Standard,Pending,johnsonangela@example.com,travistaylor,Cash
265,1244,2025-06-20,2025-06-20 11:16:43,3,Clothing,2988.71,1048.5,8,North,Bengaluru,62,Standard,Completed,gary87@example.org,warrenmary,Card
818,1233,2024-11-28,2024-11-28 15:44:26,5,Grocery,1274.7,1165.12,3,North,Bengaluru,67,Premium,Cancelled,brandonwilliamson@example.net,edward52,UPI
711,1184,2025-11-30,2025-11-30 15:27:34,8,Clothing,3778.37,1068.71,4,South,Delhi,45,Standard,Pending,newmanjustin@example.com,matthew70,Card
683,1245,2024-07-07,2024-07-07 15:26:50,15,Grocery,2991.31,,1,West,Hyderabad,64,Premium,Completed,foxgina@example.com,jessicaking,Cash
833,1045,2025-08-10,2025-08-10 02:25:45,4,Furniture,4967.14,77.86,6,West,Delhi,35,Premium,Cancelled,robertjones@example.com,clayanthony,Card
519,1174,2025-07-08,2025-07-08 15:19:22,13,Sports,3099.17,77.65,3,South,Hyderabad,39,Standard,Pending,katherineali@example.com,bmosley,Cash
448,1157,2024-12-12,2024-12-12 22:33:38,12,Furniture,1336.04,621.07,1,South,Hyderabad,36,Standard,Cancelled,jenniferrodriguez@example.com,housemary,Cash
19,1048,2025-08-29,2025-08-29 06:04:05,4,Furniture,1803.77,833.98,1,North,Bengaluru,43,Standard,Completed,allison96@example.org,jenniferross,Cash
716,1171,2024-11-13,2024-11-13 03:31:43,13,Clothing,2626.33,1090.76,4,North,Chennai,53,Standard,Cancelled,derek35@example.com,matthewjohnson,Card
484,1178,2025-11-11,2025-11-11 19:30:03,7,Grocery,,1317.71,5,South,Hyderabad,57,Standard,Cancelled,wilkinsonmichele@example.org,josemercado,Cash
569,1046,2024-09-19,2024-09-19 22:39:17,12,Sports,4274.04,693.32,8,East,Mumbai,30,Premium,Cancelled,coreyduncan@example.com,sfox,Cash
434,1241,2025-01-25,2025-01-25 00:15:00,20,Grocery,1861.32,1007.56,4,West,Mumbai,66,Standard,Pending,pmarsh@example.org,andersonjessica,Card
368,1299,2025-09-08,2025-09-08 13:45:12,16,Sports,3916.35,1822.16,10,South,Delhi,70,Premium,Completed,lweaver@example.com,davisjesse,Card
84,1278,2024-08-24,2024-08-24 22:31:31,13,Furniture,4667.62,1741.81,4,West,Bengaluru,67,Standard,Completed,hernandezlisa@example.com,mcknightdavid,Card
62,1207,2025-08-26,2025-08-26 19:56:49,8,Grocery,3336.6,750.66,9,East,Chennai,65,Standard,Pending,tracynelson@example.com,priceelizabeth,UPI
639,1266,2024-09-03,2024-09-03 08:31:09,16,Furniture,1049.56,1330.94,8,East,Chennai,39,Premium,Completed,nathangallegos@example.com,aliciathompson,Card
273,1020,2026-02-27,2026-02-27 18:37:19,2,Furniture,2557.72,1264.57,9,West,Chennai,62,Standard,Completed,jacobsonsamantha@example.org,rachelschwartz,UPI
286,1297,2025-05-01,2025-05-01 07:17:08,4,Sports,710.89,1643.53,2,North,Chennai,60,Premium,Completed,vbrock@example.com,ryan92,Card
361,1040,2025-06-09,2025-06-09 06:05:23,15,Furniture,,907.24,8,West,Hyderabad,25,Standard,Cancelled,mendezchristina@example.net,victor87,UPI
355,1197,2025-05-01,2025-05-01 02:37:36,16,Furniture,3261.79,1597.88,2,South,Mumbai,64,Premium,Completed,byrdjorge@example.org,cranemelissa,Cash
457,1106,2025-02-05,2025-02-05 18:12:39,16,Furniture,3423.14,637.98,6,South,Mumbai,64,Premium,Cancelled,dwayne04@example.org,howardshaun,UPI
279,1059,2025-02-12,2025-02-12 18:27:24,8,Sports,62.71,1720.2,1,South,Bengaluru,48,Standard,Pending,jennifermiller@example.org,odawson,Cash
13,1082,2024-10-24,2024-10-24 06:08:34,18,Sports,4596.54,1205.91,8,North,Bengaluru,41,Standard,Completed,laurahenderson@example.org,djames,Cash
183,1279,2025-03-13,2025-03-13 21:55:27,12,Grocery,3069.88,400.68,4,East,Chennai,37,Premium,Pending,bellmatthew@example.net,mariacohen,Card
369,1164,2024-12-14,2024-12-14 07:30:36,17, Furniture ,2122.39,1225.81,4,East,Hyderabad,39,Standard,Pending,nsmith@example.org,matthewthompson,Cash
882,1218,2026-02-22,2026-02-22 08:55:07,2,Grocery,594.77,739.88,6,West,Hyderabad,38,Premium,Completed,breanna67@example.net,adennis,Cash
616,1021,2025-12-20,2025-12-20 00:32:08,10,Sports,1554.38,1127.38,8,South,Bengaluru,68,Premium,Completed,phillipmorris@example.org,shawnmosley,Card
224,1278,2025-08-26,2025-08-26 20:25:09,19,Electronics,937.8,1703.85,1,South,Mumbai,27,Standard,Completed,chelsea33@example.com,jeffrey44,Card
573,1076,2026-01-12,2026-01-12 23:36:22,19,Clothing,4627.84,93.02,3,West,Mumbai,19,Standard,Cancelled,hlopez@example.net,ashleymeza,Cash
971,1212,2025-05-04,2025-05-04 22:15:24,10,Grocery,1620.09,704.73,2,East,Chennai,57,Premium,Pending,qjohnson@example.org,markgoodman,Card
654,1014,2024-12-30,2024-12-30 22:16:07,8,Grocery,2347.59,1128.45,7,West,Mumbai,20,Premium,Completed,amydickson@example.com,petersonlisa,Card
546,1196,2025-02-18,2025-02-18 08:47:32,12,Clothing,969.67,1217.06,10,West,Pune,64,Premium,Cancelled,millskatherine@example.org,justin80,UPI
583,1186,2026-01-16,2026-01-16 10:17:20,10,Clothing,2201.62,681.9,8,North,Bengaluru,65,Premium,Cancelled,dmiller@example.com,nichole66,Cash
634,1091,2024-07-20,2024-07-20 06:50:05,1,Furniture,3376.87,804.81,9,North,Bengaluru,27,Standard,Pending,markmorgan@example.net,zhendricks,UPI
177,1242,2026-06-01,2026-06-01 04:00:59,17,Furniture,787.26,1788.4,3,East,Kolkata,57,Standard,Completed,scottmary@example.net,srodriguez,Card
666,1264,2025-07-28,2025-07-28 16:13:40,5,Sports,3444.48,1589.43,6,West,Chennai,65,Premium,Pending,ocruz@example.org,kjacobs,Cash
674,1120,2024-10-08,2024-10-08 17:40:23,16,Grocery,4983.86,1879.86,10,North,Bengaluru,34,Standard,Pending,joshua40@example.net,munozrenee,Card
586,1248,2025-06-09,2025-06-09 22:40:18,2,Furniture,767.46,1857.22,8,South,Hyderabad,41,Premium,Pending,walkerkeith@example.com,davidmiller,UPI
874,1224,2026-02-25,2026-02-25 22:37:41,6,Clothing,1801.0,,6,South,Bengaluru,30,Standard,,trowe@example.org,medinapeter,Cash
394,1120,2025-01-19,2025-01-19 14:19:49,4,Grocery,3116.6,1802.23,6,West,Chennai,39,Standard,Cancelled,earmstrong@example.org,joshuathomas,UPI
164,1063,2025-01-09,2025-01-09 11:56:23,17,Clothing,1555.42,340.69,4,East,Kolkata,51,Standard,Completed,mathewaguilar@example.org,kyle62,Card
249,1156,2025-06-22,2025-06-22 22:18:42,4,Clothing,1897.87,299.89,7,West,Mumbai,26,Standard,Pending,opatel@example.org,rreed,Cash
635,1052,2024-07-25,2024-07-25 18:33:12,6,Electronics,1850.36,414.19,4,West,Bengaluru,32,Standard,Cancelled,timothyburton@example.net,steven60,Card
886,1061,2025-04-14,2025-04-14 13:41:10,2,Sports,4843.23,1770.4,4,South,Mumbai,46,Premium,Completed,todd22@example.net,,UPI
670,1253,2025-09-21,2025-09-21 05:20:44,4,Clothing,3582.14,397.28,5,East,Delhi,49,Standard,Completed,bergeramanda@example.org,egibson,Card
376,1226,2025-01-07,2025-01-07 23:38:23,8,Grocery,3787.78,1102.3,10,South,Delhi,64,Premium,Pending,bellkristin@example.net,williamssamuel,Card
413,1189,2026-05-05,2026-05-05 15:29:56,2,Sports,2173.33,1878.07,8,West,Hyderabad,55,Premium,Pending,vfrench@example.com,brenda71,Cash
75,1089,2025-09-13,2025-09-13 21:02:34,16,Sports,3274.97,1833.82,3,West,Mumbai,70,Standard,Completed,frogers@example.com,tonykelly,Card
114,1210,2025-09-27,2025-09-27 12:27:33,12,Furniture,4347.06,1447.7,5,East,Hyderabad,24,Premium,Completed,dvaughn@example.com,yvonnecastaneda,UPI
599,1272,2025-03-24,2025-03-24 15:37:29,18,Grocery,2287.29,748.93,2,South,Pune,47,Premium,Completed,michael43@example.net,lisa46,Card
962,1143,2024-12-05,2024-12-05 11:37:34,13,Electronics,2939.06,1537.57,5,South,Delhi,31,Standard,Pending,kylemeyers@example.net,kmoore,Card
391,1043,2026-04-06,2026-04-06 23:45:19,10,Clothing,3754.07,1809.02,6,South,Hyderabad,59,Premium,Completed,luis11@example.com,rarnold,Cash
105,1124,2026-06-07,2026-06-07 16:15:51,5,Sports,1065.77,1663.04,9,South,Mumbai,31,Premium,Pending,qhughes@example.net,tylerjohnson,Cash
115,1246,2024-09-18,2024-09-18 18:42:48,8,Electronics,1783.06,1121.41,2,East,Chennai,32,Standard,Cancelled,karmstrong@example.com,andrew64,UPI
418,1060,2025-05-07,2025-05-07 11:38:51,8,Furniture,3926.39,1899.51,2,South,Chennai,43,Standard,Cancelled,creyes@example.net,jessicadodson,UPI
526,1067,2025-08-10,2025-08-10 23:04:46,7,Electronics,2323.87,1433.08,9,North,Bengaluru,37,Premium,Cancelled,imendoza@example.org,phillip27,UPI
458,1266,2025-10-19,2025-10-19 06:57:38,4,Grocery,2432.09,611.65,6,North,Pune,60,Premium,Completed,juliahoffman@example.org,heather06,Cash
410,1261,2024-07-25,2024-07-25 03:11:10,9,Clothing,3634.72,698.49,8,North,Bengaluru,42,Standard,Completed,matthewreeves@example.net,qknox,Cash
93,1054,2025-01-23,2025-01-23 16:43:01,8,Furniture,2881.02,1158.13,5,North,Delhi,60,Standard,Pending,hinesgregory@example.net,lmoon,Cash
931,1066,2025-10-06,2025-10-06 00:56:44,15,Grocery,2586.77,1256.77,6,East,Bengaluru,61,Standard,Cancelled,melissa95@example.net,robert21,Card
90,1289,2024-08-22,2024-08-22 07:28:39,6,Clothing,916.59,1226.79,7,South,Chennai,55,Premium,Completed,lauralarson@example.net,scott74,Card
337,1132,2025-12-24,2025-12-24 02:53:56,18,Clothing,4737.27,1801.19,2,South,Hyderabad,32,Standard,Pending,tylerreed@example.net,gary24,Card
437,1264,2026-05-18,2026-05-18 12:37:06,18,Grocery,3937.4,614.07,9,North,Hyderabad,24,Premium,Completed,qwilliams@example.net,alexander89,Cash
922,1282,2024-08-17,2024-08-17 18:40:13,7,Electronics,1239.66,,10,North,Chennai,68,Standard,Completed,bryanlang@example.org,cheryl61,Cash
934,1092,2026-03-31,2026-03-31 03:51:01,4,Furniture,3852.67,414.95,6,North,Hyderabad,39,Standard,Completed,alejandro50@example.net,thomasscott,UPI
606,1176,2026-06-22,2026-06-22 12:44:13,5,Grocery,2269.72,1951.42,9,East,Bengaluru,19,Standard,Pending,edwin31@example.org,anthonyodom,Cash
594,1000,2025-08-26,2025-08-26 20:15:13,3,Furniture,4472.5,679.15,1,East,Chennai,66,Standard,Cancelled,ana92@example.net,bennettrebecca,UPI
612,1218,2025-10-15,2025-10-15 03:19:35,12,Furniture,1895.51,583.61,6,East,Chennai,53,Premium,Completed,meyershannon@example.org,aprilfoster,UPI
95,1097,2024-09-17,2024-09-17 07:45:47,20,Grocery,3404.93,1447.44,3,North,Kolkata,58,Premium,Pending,robert74@example.net,jcervantes,Card
12,1001,2025-05-04,2025-05-04 11:17:31,9,Sports,3821.71,1025.21,2,East,Pune,58,Premium,Completed,wendytaylor@example.com,camposmichelle,Card
397,1055,2024-10-10,2024-10-10 11:34:05,6,Sports,455.77,575.62,3,South,Hyderabad,64,Premium,Cancelled,uschroeder@example.com,fjacobs,Cash
534,1033,2025-10-30,2025-10-30 14:18:50,16,Electronics,1789.63,933.26,3,East,Delhi,40,Premium,Cancelled,qgarner@example.com,ann45,Cash
44,1002,2024-07-16,2024-07-16 05:07:57,4,Furniture,1133.26,1612.14,9,West,Bengaluru,53,Premium,Completed,raymondramirez@example.org,michael86,Card
43,1037,2026-05-06,2026-05-06 12:07:33,15,Furniture,4436.38,1159.83,7,West,Hyderabad,33,Premium,Cancelled,dwalker@example.com,lori33,UPI
330,1137,2024-12-04,2024-12-04 17:23:04,14,Sports,149.26,1565.0,1,West,Kolkata,26,Premium,Cancelled,juliephillips@example.org,troyrodriguez,Cash
168,1247,2025-07-27,2025-07-27 04:40:57,8,Furniture,1522.3,164.49,1,South,Chennai,44,Standard,Pending,stanleynancy@example.net,carlamoore,Cash
498,1244,2025-10-06,2025-10-06 11:17:55,5,Sports,4238.38,948.15,6,South,Pune,42,Standard,Pending,johnsjessica@example.com,robinsoncatherine,Cash
877,1055,2025-07-25,2025-07-25 01:09:37,1,Clothing,819.93,1010.0,4,North,Mumbai,39,Standard,Cancelled,skinnerjordan@example.net,,UPI
598,1136,2025-06-18,2025-06-18 23:08:45,17,Furniture,,145.47,6,West,Chennai,50,Premium,Pending,williamssandra@example.com,tracy20,UPI
757,1049,2024-09-09,2024-09-09 07:44:01,20,Furniture,1203.9,1207.16,10,North,Chennai,42,Standard,,amybrennan@example.net,joseph51,UPI
101,1209,2025-01-03,2025-01-03 11:44:34,4,Clothing,274.47,93.68,8,North,Bengaluru,33,Premium,Pending,patrickweeks@example.net,michellehill,Card
427,1112,2025-07-19,2025-07-19 09:20:56,8,Grocery,2091.51,719.13,9,North,Mumbai,34,Premium,Pending,kimberlydecker@example.org,jade42,Cash
179,1056,2025-10-04,2025-10-04 16:32:25,14,Sports,1573.01,1799.56,1,West,Hyderabad,59,Premium,Cancelled,chenbailey@example.net,kellysmith,Cash
445,1199,2026-02-14,2026-02-14 04:01:45,10,Clothing,1274.61,582.67,3,South,Chennai,28,Premium,Completed,xmoran@example.net,wwilson,UPI
417,1285,2025-01-26,2025-01-26 05:26:49,16,Clothing,1882.55,1118.72,5,East,Mumbai,40,Standard,Cancelled,barbaramoore@example.org,christinaschultz,Cash
871,1249,2026-02-17,2026-02-17 07:29:25,2,Grocery,79.16,931.5,5,East,Bengaluru,18,Standard,Cancelled,wbrown@example.org,rachelbrown,Cash
883,1000,2026-03-29,2026-03-29 11:29:53,2,Grocery,1099.29,954.68,10,North,Chennai,29,Standard,Pending,williamwashington@example.com,tammypalmer,Card
681,1269,2025-03-29,2025-03-29 02:18:34,19,Clothing,2111.27,172.13,8,North,Pune,39,Premium,Pending,matthew41@example.com,rmurray,UPI
178,1153,2024-12-29,2024-12-29 03:41:17,19,Grocery,2561.21,1029.23,8,East,Chennai,70,Premium,Pending,williamsrobert@example.net,fbrown,Card
396,1223,2025-01-22,2025-01-22 01:31:45,9,Grocery,714.81,1471.29,8,West,Chennai,40,Standard,Pending,morganlaura@example.com,megan13,UPI
912,1120,2024-12-07,2024-12-07 08:26:01,12,Electronics,1056.23,1704.18,6,West,Kolkata,26,Premium,Completed,traceylittle@example.org,ashley72,Card
794,1167,2025-11-25,2025-11-25 11:16:36,15,Furniture,,183.45,4,West,Bengaluru,48,Standard,Completed,,jpowers,Cash
961,1282,2025-04-27,2025-04-27 03:17:48,10,Furniture,3738.71,1001.69,9,West,Kolkata,30,Standard,Completed,andersonrobert@example.net,pricerebecca,Cash
685,1204,2026-04-24,2026-04-24 13:07:18,3,Electronics,4269.11,342.62,7,East,Mumbai,66,Premium,Completed,nicholasgallagher@example.net,pauladominguez,Card
384,1273,2025-06-30,2025-06-30 23:45:32,1,Electronics,1093.37,1266.44,4,West,Pune,24,Premium,Cancelled,kristen77@example.net,christopher86,UPI
957,1039,2025-09-12,2025-09-12 17:46:40,7,Furniture,1907.51,640.9,8,South,Bengaluru,37,Premium,Completed,nbaird@example.com,fergusonjacob,UPI
752,1215,2025-11-07,2025-11-07 19:19:33,18,Furniture,1615.4,795.88,6,North,Pune,54,Premium,,qmartinez@example.com,swhite,Cash
258,1064,2024-09-07,2024-09-07 07:02:33,5,Clothing,773.91,657.75,4,West,Chennai,27,Standard,Cancelled,brettbennett@example.net,russojacob,Card
539,1031,2025-01-24,2025-01-24 00:13:21,3,Clothing,4094.32,1776.78,1,South,Mumbai,27,Standard,Cancelled,julie87@example.com,ivanjohnson,Card
336,1243,2024-09-26,2024-09-26 14:50:22,12,Sports,1535.96,356.57,9,South,Hyderabad,24,Standard,Completed,parkerjudith@example.net,davidzimmerman,UPI
16,1191,2026-06-06,2026-06-06 20:31:42,15,Sports,2284.86,510.85,2,East,Bengaluru,55,Premium,Cancelled,meagan89@example.org,nathanielmartin,Cash
325,1213,2024-10-08,2024-10-08 07:17:43,20,Electronics,980.28,438.55,7,West,Delhi,51,Standard,Completed,perezchristopher@example.org,edwardsnicole,UPI
759,1293,2025-03-19,2025-03-19 02:40:26,5, Sports ,1318.62,853.59,10,West,Bengaluru,33,Premium,Completed,robinsonwesley@example.org,butlersabrina,Cash
223,1270,2025-09-06,2025-09-06 03:35:57,2,Clothing,1096.51,1738.87,10,West,Hyderabad,20,Premium,Cancelled,ufox@example.org,vbarr,Card
180,1298,2025-03-29,2025-03-29 06:09:35,16, Clothing ,2644.95,1447.94,7,South,Delhi,61,Premium,Completed,qlopez@example.org,carlos88,UPI
984,1055,2025-04-20,2025-04-20 14:58:04,2,Clothing,4796.91,454.77,1,North,Chennai,35,Premium,Completed,wesleybush@example.org,andrewblake,UPI
23,1151,2026-05-14,2026-05-14 08:28:29,7,Electronics,2916.94,1093.55,6,North,Bengaluru,55,Standard,Cancelled,esanchez@example.com,clintonhopkins,UPI
357,1066,2024-12-17,2024-12-17 22:40:43,16,Furniture,609.04,834.34,1,North,Hyderabad,59,Standard,Completed,madisonwatson@example.net,aguilarjonathan,UPI
667,1167,2025-07-19,2025-07-19 22:48:52,10,Clothing,467.77,747.85,7,West,Kolkata,54,Premium,Completed,jenniferadams@example.net,arthur09,Cash
862,1199,2024-11-10,2024-11-10 18:37:39,6,Grocery,4040.12,1362.07,9,West,Chennai,55,Premium,Pending,romanmatthew@example.org,davidwalker,Cash
341,1107,2025-01-03,2025-01-03 21:02:59,6,Sports,3834.19,,2,South,Mumbai,45,Standard,Pending,jcox@example.org,tranrobin,Card
432,1216,2024-08-02,2024-08-02 09:45:57,16,Sports,211.19,707.63,3,West,Bengaluru,62,Standard,Pending,elizabethjackson@example.com,rfriedman,UPI
552,1039,2024-10-24,2024-10-24 14:40:48,9,Grocery,706.07,576.32,5,North,Delhi,25,Premium,Cancelled,lopezcurtis@example.com,jenniferacosta,UPI
834,1243,2025-12-09,2025-12-09 09:13:24,4,Clothing,4617.54,1274.43,8,North,Delhi,62,Standard,Completed,longbrittany@example.org,eric17,UPI
204,1016,2025-09-22,2025-09-22 12:27:46,14,Sports,3841.96,1769.84,1,South,Bengaluru,22,Premium,Cancelled,donnale@example.net,megan90,Cash
631,1263,2024-06-29,2024-06-29 01:18:20,8,Furniture,608.59,1969.53,2,West,Bengaluru,51,Premium,Pending,marshalllaura@example.net,laurenduarte,Card
94,1289,2025-09-25,2025-09-25 23:31:13,2,Sports,3738.6,1669.02,5,South,Mumbai,69,Standard,Completed,ecosta@example.com,qcook,UPI
559,1099,2024-09-23,2024-09-23 23:06:19,17,Grocery,3404.7,1986.57,6,North,Mumbai,18,Premium,Completed,,fosterjohn,Card
69,1156,2026-01-06,2026-01-06 17:31:01,19,Sports,348.14,1921.02,2,South,Mumbai,31,Standard,Cancelled,tamirodriguez@example.org,barbara66,Cash
623,1079,2024-08-28,2024-08-28 07:39:05,17,Clothing,4166.29,1594.31,9,North,Hyderabad,47,Premium,Completed,sanchezamy@example.net,brandonhernandez,Cash
285,1030,2025-01-09,2025-01-09 00:42:09,5,Grocery,510.48,1844.12,9,West,Mumbai,41,Standard,Cancelled,mwheeler@example.com,tayloradam,Cash
845,1192,2025-06-23,2025-06-23 15:30:47,14,Clothing,4633.63,210.17,8,South,Kolkata,21,Premium,Cancelled,michael91@example.net,wilsondorothy,UPI
435,1143,2026-04-14,2026-04-14 19:03:43,15,Clothing,2878.48,1958.96,4,North,Delhi,35,Premium,Cancelled,perrybrittany@example.net,ywhite,Card
154,1151,2025-03-18,2025-03-18 04:52:55,10,Furniture,3032.98,863.71,8,East,Chennai,20,Standard,Cancelled,kimberly18@example.net,schmidtjames,Card
76,1178,2025-01-14,2025-01-14 04:01:39,14,Grocery,1639.24,227.11,3,East,Hyderabad,62,Standard,Pending,nicole48@example.org,christophercortez,UPI
731,1096,2026-03-31,2026-03-31 04:39:49,16,Sports,4489.48,258.16,9,South,Bengaluru,35,Premium,Completed,shannon51@example.org,zmiller,UPI
447,1233,2025-07-15,2025-07-15 21:12:10,19,Furniture,2641.13,1286.27,5,East,Chennai,52,Premium,Completed,nrodriguez@example.org,davidphelps,Card
189,1090,2024-08-29,2024-08-29 11:50:32,2,Furniture,3950.41,388.9,5,North,Bengaluru,37,Premium,Pending,kirk96@example.org,cbell,Card
272,1215,2025-08-31,2025-13-05 10:20:30,12,Sports,3430.56,1530.2,2,North,Mumbai,22,Premium,Pending,walshjacqueline@example.org,pbruce,Cash
237,1255,2025-03-06,2025-03-06 05:50:58,5,Grocery,1248.0,1324.15,7,West,Bengaluru,46,Standard,Cancelled,greenjoe@example.com,kevin90,Card
488,1269,2025-05-02,2025-05-02 22:15:41,2,Grocery,893.08,582.35,10,East,Bengaluru,47,Premium,Completed,batesmelanie@example.net,katherinetaylor,Card
118,1232,2025-09-21,2025-09-21 16:12:08,11,Clothing,1881.76,1448.76,10,North,Pune,21,Premium,Completed,christopherphillips@example.net,ithompson,UPI
944,1218,2025-06-14,2025-06-14 15:51:20,17,Grocery,611.23,368.11,7,East,Bengaluru,53,Premium,Cancelled,brobinson@example.com,selenabrooks,Card
513,1153,2026-02-18,2026-02-18 21:29:55,11,Grocery,4492.77,1644.12,7,North,Hyderabad,48,Premium,Completed,daniellegonzales@example.org,james98,UPI
826,1266,2025-09-21,2025-09-21 07:41:55,9,Furniture,2392.5,687.32,7,East,Hyderabad,61,Standard,Pending,geoffrey75@example.com,christopherpage,Cash
592,1208,2026-02-06,2026-02-06 15:16:19,7, Clothing ,1824.11,493.34,2,North,Chennai,60,Standard,Completed,rodriguezbrian@example.net,mistywilkins,UPI
127,1252,2024-09-13,2024-09-13 16:12:38,15,Sports,3811.39,908.83,10,East,Pune,58,Standard,Completed,amy50@example.com,james17,Card
117,1003,2025-11-04,2025-11-04 18:09:01,6,Clothing,2853.29,813.55,3,North,Bengaluru,65,Premium,Pending,erica21@example.net,parkerscott,Card
474,1229,2025-02-08,2025-02-08 07:18:00,13,Electronics,3645.25,1966.25,10,North,Chennai,26,Standard,Completed,catherine47@example.com,bshort,Card
694,1244,2025-11-01,2025-11-01 02:55:25,15,Furniture,4350.46,1932.29,10,West,Hyderabad,57,Standard,Cancelled,diazmelissa@example.com,randallkathleen,UPI
58,1222,2025-06-04,2025-06-04 20:37:15,6,Sports,4829.09,554.76,9,West,Chennai,45,Standard,Pending,jimmy55@example.net,taylorjesse,Cash
864,1214,2025-06-03,2025-06-03 22:14:35,15,Clothing,2222.85,720.92,8,East,Hyderabad,45,Premium,Pending,westes@example.org,,UPI
913,1184,2025-08-30,2025-08-30 04:27:33,5,Grocery,2328.92,1673.8,9,West,Bengaluru,31,Premium,Completed,,jordanhudson,UPI
370,1070,2026-03-13,2026-03-13 20:14:52,14,Sports,3515.07,1501.89,5,East,Mumbai,65,Premium,Completed,johnsonbrenda@example.org,mathismichelle,Cash
269,1196,2025-07-23,2025-07-23 03:10:25,12,Furniture,1606.79,296.86,5,North,Hyderabad,53,Standard,Cancelled,ldrake@example.org,warrenjohn,Cash
47,1146,2024-06-29,2024-06-29 16:34:02,8,Grocery,,1788.19,2,South,Bengaluru,32,Standard,Cancelled,michaeljones@example.net,cindy14,Cash
350,1102,2025-11-04,2025-11-04 06:55:04,9,Sports,4866.94,728.69,7,East,Bengaluru,20,Standard,Completed,kjones@example.org,ibates,UPI
196,1111,2026-05-27,2026-05-27 21:42:57,8,Sports,4372.02,182.1,8,East,Bengaluru,54,Premium,Completed,zosborn@example.net,elizabeth18,UPI
295,1125,2026-02-17,2026-02-17 10:38:10,10,Furniture,2089.36,1110.36,1,North,Hyderabad,42,Premium,,michaeljohnson@example.org,robert11,Cash
835,1033,2026-04-04,2026-04-04 03:27:40,11,Furniture,4555.33,1491.08,7,West,Delhi,32,Premium,Pending,rgibson@example.net,riverabradley,Cash
737,1237,2026-06-15,2026-06-15 10:54:00,18,Furniture,374.02,77.23,4,North,Hyderabad,53,Premium,Completed,ian22@example.org,darylchaney,UPI
264,1084,2025-03-11,2025-03-11 03:27:13,2,Furniture,3146.74,1457.46,4,West,Mumbai,23,Premium,Completed,,jonathan77,Cash
444,1242,2025-11-18,2025-11-18 14:03:55,18,Electronics,180.51,806.08,2,North,Hyderabad,57,Premium,Completed,xclements@example.org,meganrivera,UPI
676,1162,2026-04-28,2026-04-28 11:16:08,17,Furniture,751.89,251.35,1,South,Chennai,35,Standard,Pending,tracey29@example.org,,Card
305,1150,2025-05-18,2025-05-18 05:51:33,5,Clothing,3657.71,1898.6,10,West,Pune,67,Premium,Completed,baileyhenderson@example.com,angelaburns,UPI
342,1244,2026-01-24,2026-01-24 14:14:56,13,Electronics,236.74,414.84,6,North,Pune,38,Premium,Completed,,joseph19,UPI
967,1033,2024-11-17,2024-11-17 20:37:25,13,Grocery,3028.92,1063.98,2,East,Delhi,56,Premium,Cancelled,longsonya@example.org,joshuafuller,UPI
150,1234,2024-11-11,2024-11-11 22:16:30,2,Grocery,1047.88,1586.4,1,East,Kolkata,37,Standard,Cancelled,opatel@example.net,charles06,Card
125,1173,2026-01-26,2026-01-26 04:52:55,8,Grocery,3906.63,171.23,2,South,Kolkata,67,Standard,Pending,umatthews@example.org,fpena,UPI
787,1243,2025-05-13,2025-05-13 20:16:35,6,Sports,2896.7,634.42,4,West,Hyderabad,30,Premium,Completed,stanleyjohn@example.net,brittany14,Card
51,1013,2026-01-20,2026-01-20 16:51:30,13,Sports,2843.74,73.66,7,South,Pune,47,Premium,Completed,campbellelizabeth@example.net,clarence34,Card
354,1224,2026-03-31,2026-03-31 12:47:26,20,Grocery,4398.45,204.04,6,South,Bengaluru,43,Standard,Pending,lewismelissa@example.org,dawsontanya,Card
928,1254,2025-02-24,2025-02-24 02:16:55,4,Electronics,755.98,1743.51,9,North,Chennai,24,Standard,Pending,dylanparker@example.com,miguel08,Cash
143,1019,2025-12-18,2025-12-18 10:46:57,10,Furniture,3495.56,294.81,8,West,Mumbai,18,Premium,Completed,whitejacqueline@example.com,michael22,Card
471,1285,2024-07-27,2024-07-27 08:15:08,14,Electronics,3843.1,1161.6,8,West,Pune,24,Premium,Completed,brownlaura@example.net,andrewsjeremy,UPI
400,1257,2024-11-30,2024-11-30 08:09:09,1,Clothing,4247.51,1616.95,10,South,Delhi,50,Premium,Pending,antoniowilliams@example.com,joshuacolon,Cash
626,1057,2025-04-03,2025-04-03 19:25:12,3,Electronics,3884.73,1519.52,1,South,Bengaluru,20,Premium,Pending,mackmarcus@example.com,changmegan,Cash
321,1300,2025-06-05,2025-06-05 19:40:40,17,Furniture,606.97,316.29,10,North,Kolkata,24,Premium,Pending,braunronald@example.net,nicoleturner,UPI
20,1098,2025-12-01,2025-12-01 19:21:43,7,Sports,2270.64,855.33,5,West,Hyderabad,22,Standard,Cancelled,samuel87@example.org,jeffreymorgan,Cash
810,1159,2024-12-08,2024-12-08 11:15:55,6,Clothing,1262.38,369.34,4,East,Hyderabad,54,Standard,Cancelled,zwelch@example.net,rmccormick,Cash
791,1140,2025-06-01,2025-06-01 17:42:25,18,Grocery,3349.95,152.15,4,West,Hyderabad,66,Premium,Pending,yreid@example.org,karlwilliams,Cash
809,1072,2025-06-06,2025-06-06 11:59:22,7,Clothing,504.21,1193.41,4,South,Chennai,23,Standard,Cancelled,browningphillip@example.com,christopher34,Card
408,1132,2024-11-21,2024-11-21 12:18:27,6,Sports,4793.28,1206.73,10,North,Pune,64,Standard,Completed,racheltrujillo@example.net,rguerrero,Cash
538,1049,2025-05-08,2025-05-08 06:24:07,15,Clothing,,823.47,10,North,Mumbai,70,Standard,Pending,martinjeremy@example.com,jennifer96,Card
621,1093,2025-10-27,2025-10-27 05:22:40,4,Sports,3775.51,1096.55,6,East,Hyderabad,61,Standard,Completed,roachsusan@example.org,alexander77,UPI
39,1160,2025-12-16,2025-12-16 18:20:45,4,Grocery,2560.26,1340.45,6,West,Mumbai,36,Premium,Completed,davenportbrandi@example.org,tanderson,Card
176,1285,2025-02-05,2025-02-05 20:03:58,12,Clothing,1035.34,1028.06,9,North,Bengaluru,20,Premium,,ihorton@example.net,awest,Card
246,1109,2026-06-23,2026-06-23 09:26:29,7,Grocery,3774.01,1621.28,2,North,Delhi,52,Premium,Pending,mitchellhector@example.org,ybrooks,Card
829,1096,2025-09-02,2025-09-02 05:59:32,1,Grocery,132.32,733.21,1,East,Mumbai,46,Premium,Cancelled,jbrown@example.org,isaacharrison,Card
668,1285,2025-07-08,2025-07-08 22:48:59,20,Clothing,4538.88,1948.77,4,East,Mumbai,28,Premium,Pending,daniel71@example.org,steven18,UPI
755,1224,2024-08-12,2024-08-12 06:11:21,4,Furniture,2915.73,189.36,1,North,Hyderabad,38,Premium,Completed,steven25@example.org,nelsonrobert,Cash
859,1208,2026-01-10,2026-01-10 13:47:38,3,Grocery,3218.88,738.38,6,East,Bengaluru,69,Premium,Pending,rmoyer@example.net,laura29,Cash
155,1140,2026-02-20,2026-02-20 18:27:56,2,Electronics,3372.36,824.3,9,South,Kolkata,19,Premium,Cancelled,jessica23@example.org,jonathanthompson,UPI
288,1299,2026-02-25,2026-02-25 11:43:35,4,Clothing,573.01,910.14,6,West,Bengaluru,52,Standard,Completed,nicholas65@example.org,brittanygardner,Card
603,1290,2024-12-02,2024-12-02 17:36:45,5,Grocery,900.1,534.81,8,East,Hyderabad,67,Premium,Completed,haley82@example.com,dianacunningham,Card
570,1196,2025-09-29,2025-09-29 09:16:54,7,Grocery,3494.62,1794.99,6,West,Bengaluru,58,Standard,Cancelled,diazcatherine@example.org,conradjason,Cash
744,1088,2026-06-24,2026-06-24 06:03:55,14,Sports,4481.58,1412.53,7,North,Delhi,59,Premium,Cancelled,james18@example.com,daughertypreston,Cash
18,1109,2024-08-11,2024-08-11 21:29:56,18,Clothing,,1767.12,10,West,Bengaluru,68,Standard,Pending,millertodd@example.org,davidalvarez,Cash
128,1034,2024-09-07,2024-09-07 04:57:09,16,Furniture,3175.36,1596.73,10,North,Hyderabad,50,Premium,Pending,darleneharper@example.org,buchananjohn,Card
323,1205,2026-01-12,2026-01-12 17:01:40,2,Furniture,4453.39,,4,North,Delhi,48,Standard,Pending,rubendavis@example.org,lewischristian,Cash
256,1071,2025-06-30,2025-06-30 07:07:19,7,Clothing,4036.93,1148.75,9,East,Mumbai,52,Premium,Pending,kevinzimmerman@example.com,harttammy,UPI
658,1160,2025-11-22,2025-11-22 03:34:24,11,Sports,3699.32,1615.57,4,West,Bengaluru,27,Premium,Completed,robinsondominic@example.net,shermandonna,Cash
965,1058,2025-06-22,2025-06-22 20:34:32,6,Grocery,2175.46,388.11,4,North,Bengaluru,60,Standard,Pending,mclaughlinkeith@example.com,isabella46,Cash
191,1234,2025-07-31,2025-07-31 08:21:51,9,Clothing,119.72,687.48,5,South,Bengaluru,57,Standard,Pending,stephaniethomas@example.net,ejohnson,UPI
116,1285,2024-07-04,2024-07-04 05:48:31,1,Sports,4648.97,1662.33,5,North,Bengaluru,35,Standard,Pending,lozanojulie@example.com,,Card
617,1153,2026-05-24,2026-05-24 01:07:58,16,Electronics,3286.37,1787.52,7,South,Chennai,62,Premium,Completed,udavis@example.net,jennifermartinez,Cash
607,1234,2025-10-20,2025-10-20 21:44:48,11,Clothing,71.26,1482.22,9,East,Mumbai,63,Standard,Pending,caitlynhall@example.org,christopher72,Card
181,1056,2025-07-27,2025-07-27 09:13:38,7,Electronics,2233.14,849.18,7,South,Hyderabad,50,Standard,Cancelled,myerstheodore@example.net,qzavala,UPI
302,1103,2024-09-24,2024-09-24 19:53:36,5,Grocery,3598.84,1839.19,6,North,Bengaluru,27,Premium,Completed,orose@example.com,lcarr,UPI
760,1065,2024-09-26,2024-09-26 11:55:04,10,Sports,2207.45,1920.29,6,East,Mumbai,52,Premium,Completed,sandramendoza@example.com,don79,Card
713,1222,2026-05-24,2026-05-24 09:48:52,2, Furniture ,3808.0,1327.15,3,North,Mumbai,63,Standard,Pending,uwatkins@example.com,julievillanueva,Card
724,1233,2026-01-29,2026-01-29 22:49:19,16,Electronics,3745.16,1889.26,6,North,Mumbai,44,Premium,Completed,braysteven@example.org,xlopez,Card
686,1251,2025-01-10,2025-01-10 13:01:26,14,Grocery,4523.48,1214.96,6,North,Pune,41,Premium,Pending,eguerrero@example.net,rlivingston,Card
980,1216,2025-03-06,2025-03-06 09:17:46,6,Grocery,4759.9,1162.94,2,South,Chennai,24,Premium,Completed,moralesleslie@example.com,stephenjones,Cash
518,1103,2025-09-04,2025-09-04 03:54:49,10,Grocery,3961.47,629.39,9,East,Delhi,18,Premium,Cancelled,matthew18@example.com,heather69,Card
985,1051,2024-10-02,2024-10-02 11:22:57,9,Clothing,4418.87,1405.03,7,West,Hyderabad,24,Premium,Cancelled,joanntodd@example.net,brownnicholas,UPI
46,1243,2025-03-23,2025-03-23 02:03:24,15,Grocery,3771.3,1682.93,5,West,Mumbai,33,Standard,Pending,samuel81@example.com,jonathanfletcher,Cash
910,1211,2025-06-22,9999-99-99 99:99:99,20,Grocery,734.2,1889.18,4,West,Hyderabad,53,Standard,Cancelled,seanwalker@example.org,erin53,UPI
158,1013,2026-03-08,2026-03-08 01:13:23,6,Furniture,2612.84,1828.81,2,East,Delhi,34,Standard,Completed,bellcharles@example.com,xjohnson,UPI
852,1082,2025-10-27,2025-10-27 20:14:20,3,Sports,1320.96,1511.08,2,North,Chennai,37,Standard,Cancelled,christophercarrillo@example.org,hhenderson,Cash
172,1255,2026-03-12,2026-03-12 23:47:49,10,Furniture,,1891.56,9,West,Bengaluru,31,Standard,Completed,moniquewilliams@example.com,angela18,Cash
17,1003,2026-02-22,2026-02-22 00:17:19,3,Electronics,1183.26,1812.73,6,North,Chennai,33,Standard,Cancelled,georgetracy@example.org,natasha43,Card
512,1091,2024-12-17,2024-12-17 03:46:23,6,Grocery,3074.89,1389.2,10,South,Chennai,65,Standard,Completed,lynchjenny@example.com,jennifer90,Cash
49,1010,2025-04-18,2025-04-18 19:53:26,19,Furniture,2411.05,1886.63,5,West,Pune,44,Premium,Pending,christinaturner@example.net,torresjason,Cash
972,1232,2025-07-09,2025-07-09 02:10:16,16,Electronics,4223.22,1876.65,2,North,Bengaluru,21,Premium,Completed,millerdiane@example.net,rtaylor,Cash
941,1058,2026-04-20,2026-04-20 02:33:11,14,Grocery,2627.42,27.28,8,South,Mumbai,46,Premium,Completed,fclark@example.com,jacksonpaul,Cash
516,1254,2024-08-20,2024-08-20 02:01:37,16,Clothing,,480.79,5,South,Bengaluru,25,Premium,,jessica89@example.com,sylvia43,UPI
953,1278,2025-03-19,2025-03-19 03:38:06,3,Sports,1942.9,1489.83,3,West,Mumbai,58,Standard,Completed,edwardsjacob@example.net,cclark,Cash
481,1148,2025-06-13,2025-06-13 02:03:44,13,Clothing,704.34,183.44,10,North,Chennai,43,Standard,Completed,heather29@example.net,lindsey62,Card
284,1277,2025-07-16,2025-07-16 05:30:54,12,Electronics,4757.4,22.89,7,East,Bengaluru,31,Premium,Pending,jacksonjoshua@example.com,xpatton,Card
719,1293,2024-12-23,2024-12-23 07:56:51,1,Furniture,1727.95,487.47,10,South,Hyderabad,37,Standard,Cancelled,fvincent@example.org,rhood,UPI
878,1004,2025-02-14,2025-02-14 22:56:37,14,Furniture,1482.86,982.14,7,South,Mumbai,27,Premium,Completed,chaveztonya@example.net,,Card
226,1040,2025-04-18,2025-04-18 03:46:25,17,Grocery,315.8,885.43,2,East,Mumbai,67,Standard,Pending,stephanie24@example.org,,Cash
27,1288,2024-07-09,2024-07-09 01:24:43,4,Electronics,2711.29,1021.65,3,East,Pune,22,Premium,Pending,gabrieltucker@example.org,kbarrera,Card
955,1011,2026-03-19,2026-03-19 18:12:55,19,Electronics,599.11,1855.85,2,North,Bengaluru,36,Standard,Completed,matthew66@example.net,sfarmer,Cash
438,1130,2026-01-11,2026-01-11 10:55:12,16,Electronics,2276.78,682.62,6,East,Chennai,53,Standard,Pending,tiffanysantiago@example.com,reynoldsjessica,Cash
952,1283,2026-01-30,2026-01-30 11:19:37,6,Grocery,1058.62,204.67,7,North,Mumbai,67,Premium,Completed,lhall@example.net,dsharp,UPI
365,1191,2025-02-01,2025-02-01 07:01:50,4,Electronics,4489.54,995.0,7,North,Hyderabad,57,Premium,Completed,xmoreno@example.net,terrigarcia,Cash
230,1045,2024-10-28,2024-10-28 17:45:01,12,Sports,510.67,1204.13,6,West,Bengaluru,36,Standard,Pending,mwoods@example.com,justin01,Cash
38,1097,2025-11-04,2025-11-04 22:24:14,9,Electronics,3558.49,23.35,9,South,Hyderabad,45,Premium,Cancelled,joycearnold@example.com,rodriguezsierra,Card
966,1160,2025-10-17,2025-10-17 10:53:29,4,Electronics,1627.02,41.58,6,South,Chennai,54,Standard,Completed,robertwhite@example.net,qellis,UPI
375,1147,2025-03-24,2025-03-24 16:18:58,2,Furniture,1968.4,1914.27,6,North,Bengaluru,65,Standard,Completed,daisymccarty@example.net,sean43,UPI
470,1049,2024-09-16,2024-09-16 16:59:22,4,Clothing,2681.72,395.13,9,South,Chennai,58,Premium,Cancelled,,andrewlove,UPI
968,1215,2025-02-09,2025-02-09 20:21:19,14,Grocery,4076.3,412.34,1,West,Chennai,20,Standard,Pending,wolfejennifer@example.org,wjenkins,Cash
851,1060,2024-07-10,2024-07-10 23:31:20,6,Sports,3491.32,30.54,8,East,Bengaluru,20,Premium,Cancelled,micheleclark@example.net,debragraham,Cash
705,1182,2024-07-29,2024-07-29 22:49:45,6,Clothing,4148.35,1791.03,1,North,Hyderabad,45,Premium,,moodycrystal@example.com,alexistucker,Cash
842,1242,2024-07-29,2024-07-29 04:06:27,12,Furniture,1985.76,1065.13,5,East,Mumbai,30,Standard,Completed,teresa32@example.com,robertssamuel,Cash
195,1113,2025-06-09,2025-06-09 04:14:24,8,Clothing,2417.0,920.86,10,East,Hyderabad,62,Standard,Cancelled,heather73@example.org,melissahayes,UPI
855,1096,2026-01-21,2026-01-21 16:53:35,5,Grocery,4287.62,446.12,3,South,Mumbai,40,Standard,Completed,benjamin67@example.net,dhall,UPI
865,1044,2026-04-25,2026-04-25 22:39:00,10,Furniture,3864.36,1693.59,2,North,Delhi,33,Premium,Completed,romerogary@example.org,rhondamoore,UPI
504,1264,2025-07-07,2025-07-07 12:15:02,5,Furniture,4157.97,914.36,9,North,Bengaluru,67,Premium,Pending,zbell@example.net,colemanjonathan,Card
970,1067,2024-12-06,2024-12-06 07:16:39,13,Electronics,4484.36,1837.71,1,East,Mumbai,19,Premium,Pending,murraycharles@example.net,vjames,Cash
831,1073,2025-09-06,2025-09-06 16:47:00,17,Sports,3935.07,1439.0,1,South,Chennai,68,Premium,Pending,uvasquez@example.org,baileyjames,UPI
580,1255,2025-09-14,2025-09-14 11:44:31,20,Electronics,3154.6,1569.51,6,West,Bengaluru,53,Premium,Completed,clintonstevens@example.org,josephpreston,Cash
969,1063,2025-08-31,2025-08-31 04:52:58,15,Clothing,3027.08,1190.52,4,North,Hyderabad,19,Premium,Pending,charles18@example.com,qhayes,Card
163,1037,2025-04-24,2025-04-24 00:26:28,15,Furniture,3416.54,702.14,9,South,Delhi,26,Standard,Cancelled,erika05@example.org,cody64,Cash
909,1074,2026-03-23,2026-03-23 00:48:25,3,Grocery,4974.12,380.11,7,East,Hyderabad,49,Standard,Pending,wchambers@example.com,paul01,UPI
153,1217,2024-09-04,2024-09-04 12:43:26,3,Furniture,3032.14,1648.24,9,East,Hyderabad,24,Premium,Pending,sanchezbrianna@example.net,fosterkyle,UPI
802,1255,2025-10-08,2025-10-08 07:30:06,4,Sports,3966.74,1846.0,10,South,Hyderabad,24,Standard,Cancelled,lesterrichard@example.com,sandersmary,UPI
719,1293,2024-12-23,2024-12-23 07:56:51,1,Furniture,1727.95,487.47,10,South,Hyderabad,37,Standard,Cancelled,fvincent@example.org,rhood,UPI
756,1226,2026-06-06,2026-06-06 00:55:20,2,Grocery,3073.16,875.04,2,North,Chennai,21,Standard,Pending,robertsalyssa@example.org,katiewhite,Card
112,1232,2026-05-05,2026-05-05 04:33:49,13,Furniture,3661.58,638.85,6,East,Hyderabad,27,Standard,Completed,tyleraguilar@example.org,dlittle,Cash
227,1139,2026-06-15,2026-06-15 07:37:42,15,Furniture,1179.29,1115.01,7,West,Bengaluru,61,Standard,Completed,julie33@example.net,sarah42,UPI
689,1223,2024-09-20,2024-09-20 23:20:49,3,Furniture,1536.95,1968.69,5,South,Chennai,45,Standard,Cancelled,probinson@example.org,gbaldwin,Cash
104,1141,2026-05-04,2026-05-04 23:31:20,7,Electronics,4747.6,1651.9,2,South,Mumbai,58,Premium,Completed,ashleyhall@example.com,floresthomas,Card
422,1018,2024-07-12,2024-07-12 08:49:01,12,Clothing,3292.34,1951.78,2,East,Delhi,43,Standard,Cancelled,jessicaanderson@example.net,lawrencegary,Card
420,1134,2025-02-25,2025-02-25 14:13:19,8,Grocery,446.2,94.76,7,West,Mumbai,59,Standard,Cancelled,reyesbrianna@example.org,colonkenneth,UPI
751,1208,2026-04-07,2026-04-07 10:19:14,9,Electronics,3416.86,943.84,6,North,Pune,64,Premium,Completed,troy73@example.org,moorekevin,Card
587,1099,2025-09-14,2025-09-14 21:44:16,12,Grocery,1050.94,271.88,10,North,Hyderabad,26,Premium,Pending,kelleyjose@example.com,iayala,Card
781,1295,2024-07-11,2024-07-11 10:49:07,5,Grocery,4719.6,39.17,6,East,Bengaluru,44,Standard,Cancelled,ewingnicole@example.org,ycole,Card
673,1203,2026-01-21,2026-01-21 11:36:00,7,Furniture,3556.84,1477.49,5,North,Bengaluru,53,Premium,Completed,mitchellchristopher@example.net,yorkjoshua,Card
120,1176,2026-01-28,2026-01-28 19:31:10,14,Electronics,1452.07,1363.4,8,East,Bengaluru,32,Standard,Cancelled,mcdonaldcharles@example.org,zcoffey,Cash
54,1078,2026-05-16,2026-05-16 05:47:54,8,Clothing,2394.13,246.49,4,West,Mumbai,34,Standard,Completed,zrobinson@example.net,pwilliams,UPI
152,1225,2025-02-07,2025-02-07 15:35:40,13,Grocery,4869.93,1002.48,8,East,Kolkata,69,Standard,Completed,usmith@example.org,,UPI
404,1039,2024-07-13,2024-07-13 13:15:57,17,Grocery,1912.83,1816.34,9,West,Hyderabad,70,Standard,Pending,wellsdavid@example.org,walkercharlene,Card
946,1210,2025-07-30,2025-07-30 03:59:08,4,Furniture,3762.22,1255.17,9,North,Mumbai,46,Premium,Cancelled,ronald76@example.com,linda54,Card
208,1195,2026-04-28,2026-04-28 00:09:10,17,Grocery,3496.73,828.35,5,West,Bengaluru,66,Standard,Completed,jessica56@example.org,zachary15,Cash
659,1140,2025-06-14,2025-06-14 10:26:35,15,Furniture,1308.81,1187.17,8,East,Mumbai,25,Standard,Cancelled,peter97@example.org,erinstewart,Card
844,1149,2025-02-12,2025-02-12 00:45:00,5,Clothing,1129.78,1501.8,1,East,Delhi,54,Premium,Cancelled,arnoldsamantha@example.net,dixonrobert,Cash
763,1171,2024-09-22,2024-09-22 02:54:54,20, Grocery ,2122.54,341.31,8,North,Chennai,32,Premium,Cancelled,hamptonkatherine@example.org,danielmcguire,Cash
9,1071,2025-12-14,2025-12-14 01:27:56,8,Sports,2717.94,1499.09,7,West,Hyderabad,32,Premium,Cancelled,gabriellecameron@example.org,lydiatrujillo,Card
808,1113,2024-12-31,2024-12-31 22:10:38,20,Furniture,2631.29,383.42,1,North,Pune,49,Premium,Completed,sparker@example.com,nicholsjoel,Cash
37,1297,2025-07-12,2025-07-12 15:39:36,9,Electronics,586.59,880.44,6,West,Mumbai,50,Premium,Pending,davisrodney@example.com,smithkellie,UPI
453,1273,2025-05-14,2025-05-14 19:50:00,1,Clothing,4863.05,578.59,3,West,Delhi,18,Premium,Completed,megan85@example.net,jamesweber,Cash
652,1030,2025-07-04,2025-07-04 05:22:42,17,Clothing,1853.16,312.53,3,East,Pune,45,Standard,Pending,justinbailey@example.net,williamsullivan,Cash
254,1277,2025-09-03,2025-09-03 23:11:04,2,Furniture,,1979.76,2,South,Hyderabad,20,Standard,Pending,conniesimmons@example.com,comptonshelly,Card
304,1223,2025-12-02,2025-12-02 06:57:23,16,Grocery,912.3,1938.11,10,East,Bengaluru,60,Premium,Pending,david41@example.org,heather86,Card
747,1119,2025-05-16,2025-05-16 17:04:36,16,Grocery,232.14,995.82,10,South,Bengaluru,30,Standard,Completed,zroberts@example.net,achandler,Card
572,1230,2025-12-30,2025-12-30 01:19:05,1,Electronics,1729.46,688.68,1,West,Bengaluru,31,Standard,Cancelled,allison14@example.org,susandavis,UPI
624,1008,2025-11-17,2025-11-17 22:26:27,16,Grocery,1592.29,737.89,8,East,Bengaluru,63,Standard,Completed,thomasantonio@example.net,mark10,UPI
733,1212,2024-10-22,2024-10-22 19:32:43,1,Sports,1621.04,529.21,2,North,Chennai,28,Standard,Completed,cartertara@example.net,thomasfisher,Cash
892,1257,2024-09-02,2024-09-02 19:00:51,17,Grocery,1551.88,456.27,5,North,Bengaluru,32,Premium,Cancelled,bernardaimee@example.com,martinezsharon,Cash
263,1219,2026-04-30,2026-04-30 19:08:20,7,Clothing,4416.63,617.69,5,North,Mumbai,41,Standard,Completed,allentran@example.net,mphillips,Card
611,1044,2026-05-18,2026-05-18 20:17:40,17,Furniture,1012.53,649.16,10,North,Kolkata,60,Standard,,csullivan@example.net,,Cash
298,1271,2024-09-20,2024-09-20 09:20:46,12,Sports,,1948.48,2,South,Mumbai,33,Standard,Cancelled,sarahyang@example.net,andrearivera,UPI
415,1003,2024-08-08,2024-08-08 14:51:01,19,Sports,633.25,34.24,4,East,Hyderabad,41,Premium,Completed,victoriacooper@example.net,tthomas,Card
151,1129,2024-07-12,2024-07-12 06:05:30,2,Clothing,,1727.03,1,East,Hyderabad,25,Standard,Pending,atkinsbarbara@example.net,amckinney,Card
789,1147,2025-01-21,2025-01-21 02:25:47,15,Grocery,3516.57,1429.06,5,West,Mumbai,70,Premium,Pending,uchapman@example.com,gmorris,Cash
641,1251,2024-10-25,2024-10-25 17:41:17,14,Clothing,1596.68,790.38,2,West,Mumbai,53,Standard,Pending,sandra84@example.com,kaylagarcia,UPI
890,1203,2025-03-07,2025-03-07 22:27:35,16,Sports,4357.77,1943.65,3,West,Delhi,50,Standard,Cancelled,zhughes@example.com,rubiopamela,Card
551,1133,2025-02-07,2025-02-07 22:07:30,2,Furniture,2911.8,1154.26,5,North,Hyderabad,49,Premium,Completed,rwilliamson@example.net,blopez,UPI
887,1175,2026-05-19,2026-05-19 23:46:51,10,Furniture,4948.74,419.96,3,North,Bengaluru,30,Standard,Cancelled,isaacsingh@example.org,kelleycarlos,UPI
489,1138,2024-10-29,2024-10-29 16:15:49,12,Electronics,144.44,1737.47,7,South,Hyderabad,50,Premium,,jillwebb@example.com,robinsontony,Card
148,1191,2025-12-06,2025-12-06 20:48:56,9,Electronics,1817.61,153.77,4,North,Delhi,55,Standard,Completed,trose@example.org,randallgreene,Cash
147,1043,2025-07-10,2025-07-10 22:56:38,17,Grocery,385.01,1061.6,9,North,Hyderabad,48,Premium,Cancelled,nperry@example.net,reeddaniel,Card
721,1075,2024-10-21,2024-10-21 09:50:52,14,Furniture,455.64,143.14,3,West,Bengaluru,46,Premium,Pending,butlerbradley@example.com,simmonsphillip,UPI
932,1134,2025-06-15,2025-06-15 10:59:53,2,Sports,4888.29,132.98,4,North,Bengaluru,24,Standard,Pending,crawfordsamantha@example.net,heatherowens,Cash
740,1000,2026-06-21,2026-06-21 01:47:35,2,Furniture,1402.85,516.76,7,East,Pune,58,Premium,Cancelled,staciereilly@example.org,cordovaamy,UPI
660,1243,2025-09-13,2025-09-13 14:14:19,8,Grocery,4403.2,1875.21,6,West,Delhi,41,Standard,Completed,samantha65@example.org,carrwilliam,UPI
349,1138,2026-04-15,2026-04-15 16:27:02,20,Sports,3518.6,849.27,2,North,Hyderabad,25,Premium,Pending,xhaynes@example.com,carpenterwilliam,Cash
464,1079,2025-04-02,2025-04-02 11:05:06,15,Grocery,4106.12,1092.38,8,North,Delhi,58,Standard,Cancelled,,robertherrera,Cash
326,1081,2024-10-12,2024-10-12 13:59:57,3,Grocery,3562.37,818.7,9,North,Bengaluru,30,Premium,Completed,darlenebyrd@example.org,bishopfrank,Cash
187,1026,2025-05-04,2025-05-04 00:19:02,4,Furniture,1684.95,955.36,3,North,Chennai,28,Standard,Cancelled,ykline@example.com,tylerjimenez,Card
124,1235,2024-08-02,2024-08-02 21:53:57,12,Electronics,2211.72,229.61,7,West,Chennai,23,Standard,Pending,wendy11@example.org,paulwatson,UPI
854,1251,2025-02-12,2025-02-12 06:29:59,11,Sports,4558.38,1993.66,10,South,Mumbai,24,Premium,Completed,awilliams@example.org,fpetty,Cash
609,1282,2024-11-02,2024-11-02 11:58:52,4,Grocery,,1242.69,4,West,Hyderabad,23,Standard,Completed,antonioduran@example.org,stephanie33,UPI
144,1110,2025-09-10,2025-09-10 09:20:51,5,Sports,4704.12,1225.58,7,North,Delhi,36,Premium,Pending,vjones@example.net,davisalyssa,Cash
959,1130,2024-07-22,2024-07-22 03:26:14,4,Clothing,3050.25,1081.19,9,South,Bengaluru,41,Premium,Completed,mjohnson@example.org,ocampbell,Cash
198,1250,2024-10-13,2024-10-13 02:38:00,3,Sports,2255.14,130.16,3,West,Chennai,54,Premium,Cancelled,jjohnson@example.net,tanner82,Card
610,1099,2026-02-06,2026-02-06 10:03:03,19,Sports,1149.61,1872.62,5,South,Bengaluru,23,Standard,Cancelled,thompsonstephanie@example.com,dwatts,UPI
280,1091,2024-10-25,2024-10-25 05:34:07,2,Sports,4025.42,1433.76,7,South,Hyderabad,33,Standard,Cancelled,gstewart@example.org,hahnsean,Card
294,1195,2026-03-08,2026-03-08 00:44:04,14,Clothing,1802.02,1818.44,5,East,Chennai,27,Premium,Cancelled,smithjonathan@example.net,seanmyers,UPI
401,1091,2025-07-25,2025-07-25 01:17:32,19,Sports,3314.1,1936.12,8,East,Bengaluru,32,Standard,Completed,maldonadojohn@example.com,ethompson,Cash
123,1235,2025-09-07,2025-09-07 15:21:57,3,Grocery,2900.01,1155.33,7,East,Bengaluru,43,Premium,Pending,deborahreid@example.com,debra12,Cash
184,1106,2025-12-20,2025-12-20 22:57:51,16,Grocery,2425.03,1129.77,5,East,Bengaluru,54,Standard,Pending,lisabrown@example.com,carterbradley,Card
203,1278,2025-11-03,2025-11-03 05:42:21,14,Sports,1927.42,474.73,8,East,Bengaluru,35,Premium,Cancelled,david49@example.net,shawgary,Cash
439,1210,2025-07-07,2025-07-07 15:36:15,4,Grocery,4343.47,,4,South,Delhi,36,Standard,Pending,jhernandez@example.net,smithsarah,UPI
247,1100,2025-06-11,2025-06-11 17:20:42,15,Electronics,1348.65,1728.02,9,East,Mumbai,42,Standard,Cancelled,qmiller@example.net,desireebailey,Cash
416,1299,2024-11-15,2024-11-15 16:30:55,9,Grocery,4282.14,858.65,6,East,Mumbai,43,Premium,Pending,freemancrystal@example.org,cynthia07,UPI
933,1291,2024-12-10,2024-02-30 15:30:10,13,Electronics,1154.1,1750.83,2,East,Chennai,47,Standard,Completed,vnavarro@example.net,lharris,Cash
766,1101,2024-10-19,2024-10-19 20:26:56,7,Grocery,912.03,1773.06,3,East,Pune,53,Premium,Completed,stacy55@example.org,williamjones,Cash
907,1154,2026-06-14,2026-06-14 21:23:27,20,Grocery,1774.51,225.77,8,East,Kolkata,34,Premium,Completed,asmith@example.net,robertwoodard,Cash
836,1148,2025-10-24,2025-10-24 21:52:14,3,Electronics,491.24,1486.35,4,North,Chennai,41,Premium,Pending,stacey92@example.org,solisjustin,Card
888,1129,2024-08-01,2024-08-01 21:16:48,18,Grocery,4479.82,907.99,2,West,Bengaluru,48,Standard,Cancelled,kberry@example.com,kimberly79,UPI
130,1096,2026-02-19,2026-02-19 11:29:38,11,Sports,2404.36,318.7,1,West,Bengaluru,69,Standard,Cancelled,ramireztracey@example.org,lauren10,Cash
638,1027,2025-09-14,2025-09-14 11:36:54,3,Furniture,3406.63,1944.7,7,East,Bengaluru,37,Premium,,hlopez@example.com,jennifer46,UPI
403,1165,2025-09-15,2025-09-15 18:47:28,4,Sports,3186.16,561.52,5,South,Hyderabad,59,Standard,Pending,mercedesholland@example.net,josephortiz,UPI
785,1119,2025-04-17,2025-04-17 02:51:11,10,Sports,396.4,133.76,9,North,Bengaluru,38,Standard,Pending,katie45@example.org,garzadavid,Cash
771,1041,2024-08-30,2024-08-30 08:27:59,16,Sports,371.12,1027.06,9,East,Chennai,51,Standard,Completed,swilson@example.com,gloria73,Card
736,1122,2025-07-09,2025-07-09 16:22:14,20,Sports,1220.63,1027.07,9,West,Kolkata,25,Standard,Completed,kayla02@example.com,stephen29,Card
914,1070,2024-12-22,2024-12-22 05:20:50,4,Clothing,1918.43,72.17,7,East,Bengaluru,62,Premium,Cancelled,james08@example.net,erin70,UPI
220,1049,2024-12-21,2024-12-21 11:55:47,17,Clothing,1242.8,1247.17,5,East,Hyderabad,68,Standard,Completed,silvageorge@example.net,rhernandez,Card
642,1080,2026-06-26,2026-06-26 21:27:08,17, Electronics ,1987.35,999.49,7,East,Delhi,36,Standard,Completed,jamiejohnson@example.com,smithsarah,Cash
916,1213,2025-07-17,2025-07-17 10:21:09,5,Clothing,2375.34,297.42,9,East,Chennai,44,Standard,Pending,stephensonjeffrey@example.com,upatel,UPI
753,1216,2025-11-10,2025-11-10 07:13:16,3,Clothing,1024.54,671.86,2,North,Bengaluru,48,Standard,Completed,,bianca96,UPI
807,1147,2026-03-27,2026-03-27 15:24:03,1,Clothing,4242.33,675.92,4,South,Chennai,21,Premium,Cancelled,brewerrebecca@example.org,vazquezkristina,UPI
920,1244,2026-03-28,2026-03-28 09:15:51,11,Furniture,4144.91,346.35,6,West,Bengaluru,35,Premium,Completed,sherryparsons@example.net,oduran,Cash
625,1060,2024-09-20,2024-09-20 12:29:33,8,Clothing,4291.24,301.87,4,East,Bengaluru,31,Premium,Completed,evanmitchell@example.net,tammycurry,Card
875,1202,2026-01-07,2026-01-07 02:20:32,14,Grocery,4509.94,337.42,4,West,Kolkata,60,Standard,Completed,abigailfernandez@example.org,huntlarry,Card
761,1158,2025-08-08,2025-08-08 02:54:16,20,Grocery,1490.77,1941.14,9,South,Bengaluru,33,Premium,Pending,gerald40@example.net,walkermelissa,Card
387,1060,2025-05-15,2025-05-15 20:06:25,18, Electronics ,3225.04,1244.33,10,North,Mumbai,22,Standard,Cancelled,angelarandall@example.net,rsheppard,Cash
973,1165,2026-04-12,2026-04-12 18:53:19,14,Clothing,892.45,398.5,6,North,Kolkata,62,Premium,Pending,marylawson@example.org,david62,Cash
510,1226,2024-10-31,2024-10-31 10:31:38,3, Sports ,3020.51,504.53,9,East,Mumbai,58,Premium,Completed,williamhartman@example.net,martintamara,Cash
268,1077,2024-07-03,2024-07-03 05:06:43,14,Sports,3448.5,1722.73,2,North,Bengaluru,66,Premium,Cancelled,hsmith@example.net,amanda40,UPI
820,1256,2024-12-02,2024-12-02 00:01:17,18,Furniture,2951.09,1473.19,2,North,Mumbai,54,Standard,Completed,keith76@example.org,mgates,Card
442,1149,2025-06-11,2025-06-11 17:53:27,9, Sports ,3240.99,557.07,8,East,Delhi,55,Standard,Pending,hwest@example.com,garciarobert,Cash
497,1013,2024-10-10,2024-10-10 07:29:21,20,Sports,1370.97,1142.75,4,South,Bengaluru,61,Premium,Pending,macdonalddylan@example.org,sandra86,Cash
113,1043,2025-01-12,2025-01-12 09:59:00,3,Furniture,,1482.82,3,North,Mumbai,53,Standard,Cancelled,nolansteven@example.com,charleslandry,Cash
692,1213,2025-08-02,2025-08-02 15:12:44,10,Grocery,2956.68,920.9,8,East,Hyderabad,69,Premium,Completed,zmendoza@example.net,fernandezaaron,Cash
233,1100,2025-09-12,2025-09-12 06:02:46,15,Electronics,720.67,33.4,7,East,Pune,57,Standard,Pending,hebertmatthew@example.com,ismall,Card
870,1148,2026-04-21,2026-04-21 02:37:27,10,Furniture,1503.05,441.87,10,West,Bengaluru,37,Premium,Pending,sherry72@example.org,millerleroy,UPI
608,1293,2025-07-23,2025-07-23 04:36:54,5,Sports,3656.29,1846.14,6,North,Delhi,48,Premium,Completed,xjoseph@example.org,ihenry,UPI
672,1134,2025-02-19,2025-02-19 23:30:56,8,Sports,2282.33,511.67,10,West,Bengaluru,18,Standard,Completed,bryan79@example.org,douglaskelly,Card
374,1151,2026-03-18,2026-03-18 23:03:51,7,Sports,209.92,1631.77,2,South,Delhi,59,Standard,Completed,,markmiller,UPI
982,1108,2026-01-02,2026-01-02 20:44:23,5, Furniture ,2535.84,1025.7,1,West,Hyderabad,41,Premium,Completed,johnathandavis@example.com,xgregory,UPI
843,1165,2026-06-02,2026-06-02 12:02:04,19,Electronics,4256.56,1424.98,8,South,Mumbai,26,Standard,Cancelled,ievans@example.net,mckenzie86,Card
234,1171,2026-04-20,2026-04-20 06:34:36,14,Sports,,654.92,4,West,Hyderabad,29,Standard,Pending,znelson@example.org,francisco74,Card
786,1056,2025-04-08,2025-04-08 09:06:27,5,Sports,2121.15,1491.42,7,South,Bengaluru,31,Standard,Pending,hubbardcolleen@example.com,pattersonvictoria,UPI
677,1134,2026-02-16,2026-02-16 16:01:03,20,Grocery,2609.01,882.84,3,East,Delhi,49,Premium,Cancelled,donnabarber@example.org,beckywilkinson,UPI
318,1243,2025-09-23,2025-09-23 11:14:59,19,Clothing,2407.5,176.33,1,South,Bengaluru,66,Standard,Completed,simonstephen@example.net,melissa86,Cash
649,1139,2025-08-16,2025-08-16 06:16:44,3,Sports,4015.87,961.03,4,East,Delhi,22,Standard,Cancelled,fbradley@example.net,tdavis,Card
411,1008,2025-04-02,2025-04-02 09:06:02,7,Sports,4304.98,1018.63,7,South,Mumbai,24,Premium,Pending,megan82@example.com,ruizjoyce,UPI
899,1010,2025-04-23,2025-04-23 08:42:40,10, Clothing ,4432.0,1638.65,10,South,Bengaluru,27,Premium,Pending,bruce78@example.com,washingtonrick,Cash
710,1212,2024-12-06,2024-12-06 14:52:59,1,Clothing,4182.33,957.85,5,South,Bengaluru,35,Standard,Cancelled,leelaura@example.net,kjimenez,Card
359,1197,2026-05-31,2026-05-31 18:13:37,5,Sports,4465.71,1233.57,1,South,Chennai,48,Standard,Completed,david70@example.org,zunderwood,Cash
259,1192,2026-02-09,2026-02-09 11:19:22,15,Electronics,3186.46,1762.65,2,West,Chennai,65,Standard,Cancelled,timothybooth@example.com,susan03,Card
745,1227,2025-07-13,2025-07-13 21:55:06,4,Grocery,4861.59,765.23,10,East,Hyderabad,29,Premium,Completed,kerrmichael@example.org,xwood,Card
628,1094,2025-12-20,2025-12-20 23:46:00,12,Electronics,499.36,1694.81,5,East,Hyderabad,28,Premium,Cancelled,rodriguezjessica@example.net,webbhaley,UPI
633,1115,2024-08-19,2024-08-19 17:28:43,18,Furniture,1488.42,1713.62,4,North,Pune,69,Standard,Cancelled,william50@example.org,matthew99,Card
283,1124,2024-09-01,2024-09-01 02:11:43,15,Grocery,2978.87,996.85,4,South,Bengaluru,18,Standard,Completed,ashleyjackson@example.com,dominicturner,Cash
377,1090,2025-05-19,2025-05-19 08:44:43,3,Clothing,4814.25,1475.46,2,West,Bengaluru,45,Standard,Cancelled,ysnyder@example.com,egarcia,Card
385,1222,2024-11-18,2024-11-18 18:21:43,3,Clothing,167.58,1439.4,1,North,Bengaluru,21,Premium,Pending,cwood@example.org,scott43,UPI
225,1083,2025-12-27,2025-12-27 22:01:13,19,Clothing,2855.14,1701.9,9,East,Hyderabad,66,Premium,Cancelled,wstewart@example.net,keith98,UPI
954,1113,2026-04-21,2026-04-21 06:30:12,10,Clothing,2700.32,505.6,7,East,Mumbai,21,Standard,Completed,brooksbarbara@example.org,sherry07,Cash
815,1196,2026-03-05,2026-03-05 17:00:13,16,Grocery,3223.19,1184.85,7,North,Kolkata,25,Standard,Cancelled,vmendoza@example.org,glenn95,Cash
473,1190,2024-07-02,2024-07-02 15:34:21,14,Furniture,4139.47,660.43,4,South,Hyderabad,67,Standard,Pending,avilabrenda@example.net,howardwesley,Card
348,1063,2025-05-20,2025-05-20 10:39:27,18,Grocery,2398.26,323.19,1,East,Chennai,60,Premium,Cancelled,kaufmandouglas@example.com,williamsjesse,UPI
506,1083,2025-08-07,2025-08-07 15:30:00,4,Electronics,615.12,909.81,6,North,Chennai,63,Standard,Cancelled,brooksjamie@example.com,jcox,UPI
640,1060,2025-04-14,2025-04-14 21:19:28,13,Furniture,1607.07,765.15,8,North,Bengaluru,29,Standard,Cancelled,stricklandrobin@example.com,lloydrebecca,Cash
732,1296,2026-05-26,2026-05-26 09:24:24,15,Electronics,4044.26,1221.57,7,North,Chennai,19,Standard,Pending,susan11@example.org,daniel27,Cash
929,1151,2025-09-26,2025-09-26 15:29:49,6,Electronics,1436.58,739.39,2,North,Bengaluru,63,Standard,,brianhunter@example.net,hendersonjames,Card
906,1043,2025-01-05,2025-01-05 23:38:00,2,Sports,797.96,868.68,6,South,Mumbai,45,Premium,Cancelled,matthew79@example.com,sloandennis,UPI
620,1182,2026-05-03,2026-05-03 05:39:32,6,Electronics,1399.72,850.64,6,North,Hyderabad,36,Premium,Cancelled,kaylawilliams@example.com,jessica74,Cash
856,1216,2025-08-12,2025-08-12 17:40:12,3,Sports,,775.93,3,West,Chennai,23,Standard,Cancelled,jray@example.org,patricia67,Card
804,1229,2025-10-06,2025-10-06 04:58:15,13,Sports,3220.93,480.2,10,North,Bengaluru,19,Premium,Pending,mark96@example.net,selenarobinson,Cash
646,1162,2025-01-04,2025-01-04 01:30:14,13,Sports,1981.99,1153.63,8,North,Mumbai,61,Premium,Pending,collinspatricia@example.net,bwilliams,Card
847,1154,2025-10-25,2025-10-25 19:47:35,20,Clothing,3281.34,763.24,2,West,Pune,70,Standard,Pending,matthew23@example.org,burgesscassandra,UPI
557,1229,2025-08-06,2025-08-06 17:10:27,13,Grocery,4810.73,1372.1,1,North,Kolkata,52,Standard,Pending,thomasmaldonado@example.com,eric08,UPI
958,1290,2024-09-20,2024-09-20 09:30:55,20,Electronics,630.18,698.76,6,West,Mumbai,56,Premium,Completed,tfowler@example.org,damontran,UPI
578,1192,2025-05-02,2025-05-02 20:41:49,6,Electronics,4404.15,179.83,1,South,Kolkata,23,Standard,Pending,birdcaitlin@example.net,victoriaturner,UPI
796,1078,2025-08-15,2025-08-15 03:36:48,15,Grocery,930.8,1434.54,9,South,Chennai,62,Premium,Cancelled,umichael@example.net,boydmichael,UPI
86,1051,2025-09-12,2025-09-12 17:13:41,17,Furniture,125.97,305.43,3,North,Chennai,68,Standard,Pending,lynchjody@example.org,josephmiller,UPI
243,1231,2026-01-05,2026-01-05 05:08:17,11,Electronics,1536.31,1624.17,2,North,Pune,39,Premium,Cancelled,gdavis@example.com,chavezwilliam,Cash
699,1296,2025-08-08,2025-08-08 20:34:14,20,Sports,4995.18,93.29,7,West,Chennai,55,Standard,Completed,joycehall@example.org,mosstracy,UPI
160,1163,2026-03-05,2026-03-05 23:34:12,12,Electronics,2772.49,594.92,5,South,Mumbai,63,Premium,Pending,colelisa@example.net,marcalvarez,UPI
525,1247,2025-02-27,2025-02-27 04:28:17,17,Clothing,991.55,1848.8,9,East,Delhi,38,Premium,Completed,travis84@example.com,karenanderson,UPI
36,1142,2024-09-25,2024-09-25 09:26:44,3,Grocery,1788.17,1028.62,9,East,Kolkata,19,Premium,Pending,josephjacobs@example.net,james48,Cash
541,1176,2026-06-25,2026-06-25 02:19:12,3,Sports,90.19,1973.11,7,South,Pune,36,Premium,Pending,johnsonrandy@example.org,bakereric,UPI
171,1214,2025-04-09,2025-04-09 09:46:51,8,Clothing,4076.72,,6,South,Delhi,28,Standard,Cancelled,smurray@example.com,mburch,Card
655,1069,2025-09-30,2025-09-30 06:05:44,1, Grocery ,3958.87,569.99,9,South,Mumbai,20,Standard,Completed,vbradley@example.net,gilbertcaldwell,Cash
891,1205,2026-01-20,2026-01-20 04:41:20,20,Grocery,1074.28,27.13,10,South,Mumbai,62,Premium,Cancelled,clinejasmine@example.net,ann18,Card
858,1161,2025-06-03,2025-06-03 22:53:58,14,Furniture,178.25,1215.14,2,East,Bengaluru,52,Premium,Cancelled,brianacohen@example.net,sanderson,UPI
848,1227,2026-05-06,2026-05-06 15:58:36,12,Electronics,644.0,183.62,8,South,Bengaluru,55,Standard,Pending,,smithdiana,UPI
945,1195,2025-08-29,2025-08-29 16:39:54,10,Furniture,3188.83,1410.14,2,North,Delhi,24,Premium,Cancelled,karenphillips@example.net,jerry07,Cash
734,1130,2026-01-21,2026-01-21 17:15:00,3,Clothing,1568.63,826.41,3,North,Mumbai,38,Premium,Completed,carterbryan@example.org,robert55,UPI
96,1017,2024-07-26,2024-07-26 18:13:28,19,Grocery,3675.18,198.46,5,East,Delhi,44,Premium,Completed,edwardsmarcus@example.com,sandovalamy,Cash
564,1091,2025-02-11,2025-02-11 17:29:05,15,Electronics,2484.02,1858.6,10,West,Bengaluru,59,Standard,Completed,llopez@example.net,mario74,Cash
241,1256,2025-10-03,2025-10-03 04:54:49,5,Grocery,4988.63,975.89,5,West,Kolkata,23,Premium,Cancelled,foxallison@example.com,starkdaniel,Cash
743,1164,2026-04-12,2026-04-12 04:43:16,11,Clothing,2326.01,1207.04,1,South,Mumbai,18,Standard,Completed,uhoward@example.org,brandywalker,Cash
575,1054,2024-11-04,2024-11-04 17:45:32,4,Furniture,2995.14,1238.94,2,South,Chennai,39,Standard,Pending,andreawagner@example.net,amandagreene,Cash
691,1299,2025-11-07,2025-11-07 13:33:54,3,Sports,130.53,1486.22,8,South,Delhi,29,Standard,Completed,ortegajoseph@example.net,rebecca90,Cash
461,1030,2025-12-10,2025-12-10 22:29:06,12, Clothing ,3521.57,1587.1,3,West,Bengaluru,38,Standard,Pending,sydneymoss@example.org,rwilliams,UPI
554,1074,2025-06-23,2025-06-23 09:48:02,20,Clothing,4196.19,1510.47,7,West,Bengaluru,60,Standard,Cancelled,riveramegan@example.org,adamsphilip,UPI
889,1011,2024-10-09,2024-10-09 09:36:52,6,Sports,1407.04,1935.62,5,North,Kolkata,54,Premium,Cancelled,williammurray@example.com,uhernandez,Cash
207,1140,2025-06-15,2025-06-15 18:06:09,2,Sports,4745.18,1761.83,3,West,Chennai,49,Premium,Pending,moorerobert@example.com,matthewthomas,UPI
393,1037,2024-10-21,2024-10-21 18:26:35,10,Electronics,1290.9,410.89,10,West,Kolkata,39,Standard,Completed,buckleyanna@example.org,mikayla56,UPI
795,1009,2024-11-15,2024-11-15 09:18:46,20,Electronics,927.32,265.82,7,South,Bengaluru,60,Premium,Cancelled,barbaralewis@example.net,oadams,Card
398,1009,2024-11-20,2024-11-20 22:13:03,17,Electronics,4072.58,1166.22,10,South,Kolkata,20,Standard,Cancelled,robinrussell@example.com,lori82,UPI
767,1011,2026-03-26,2026-03-26 14:10:16,6,Grocery,4557.71,61.57,3,West,Mumbai,68,Premium,Pending,ricejennifer@example.com,rachelmedina,Cash
849,1048,2025-06-20,2025-06-20 22:29:31,19,Clothing,1950.6,1999.91,7,East,Chennai,26,Premium,Pending,vmelton@example.net,nturner,Cash
218,1233,2025-10-02,2025-10-02 14:34:48,12,Electronics,3108.28,1340.17,10,West,Mumbai,49,Premium,Completed,terickson@example.com,richardsonemily,UPI
5,1035,2025-10-09,2025-10-09 16:50:27,2,Clothing,3876.69,1970.74,4,North,Hyderabad,35,Standard,Cancelled,blairamanda@example.com,arnoldmaria,Card
769,1066,2025-12-03,2025-12-03 13:33:41,7,Clothing,2686.15,1394.82,6,West,Mumbai,33,Premium,Cancelled,maryzavala@example.com,willierussell,UPI
643,1023,2025-12-13,2025-12-13 02:20:51,5,Grocery,1776.94,1489.27,1,East,Hyderabad,24,Standard,Pending,cookpamela@example.org,andrew43,Card
930,1131,2024-11-30,2024-11-30 01:48:52,15,Clothing,4702.16,1943.93,8,North,Hyderabad,36,Standard,,kristenpeterson@example.net,dneal,UPI
613,1227,2026-01-20,2026-01-20 14:30:10,14,Furniture,1478.74,1615.23,7,West,Bengaluru,55,Premium,Completed,oblack@example.org,kellysanders,Cash
739,1125,2024-10-20,2024-10-20 20:25:33,18,Furniture,4808.69,1119.2,1,North,Delhi,47,Standard,Cancelled,kfernandez@example.net,david06,Cash
547,1137,2025-12-14,2025-12-14 00:39:35,14,Sports,2902.94,86.25,1,West,Mumbai,41,Premium,Cancelled,xevans@example.com,carla08,Card
726,1072,2026-02-02,2026-02-02 15:37:58,19,Furniture,290.82,1790.62,5,South,Bengaluru,70,Standard,Completed,kristinmiller@example.com,robertsonrenee,Cash
684,1144,2024-07-24,2024-07-24 01:53:03,11,Electronics,3731.81,1103.37,10,West,Bengaluru,43,Standard,Completed,brownbrooke@example.org,ericksondavid,Cash
99,1007,2025-10-13,2025-10-13 01:12:58,9,Sports,661.76,749.8,5,West,Delhi,58,Standard,Completed,jennifercollins@example.org,hdavis,UPI
805,1219,2024-09-18,2024-09-18 11:35:11,8,Sports,442.98,292.36,8,East,Bengaluru,27,Standard,,taragonzales@example.com,henrynicholas,UPI
728,1067,2025-09-06,2025-09-06 16:04:49,5,Sports,3200.48,1528.12,8,South,Pune,64,Standard,Completed,,banksjo,UPI
574,1124,2025-09-04,2025-09-04 07:50:28,5,Electronics,902.63,118.92,5,North,Chennai,57,Premium,Cancelled,xreese@example.net,emily61,Cash
407,1011,2025-02-02,2025-02-02 15:49:31,8,Electronics,683.03,1192.85,3,North,Pune,54,Premium,Completed,olsonmatthew@example.com,michelle44,Cash
503,1025,2025-11-14,2025-11-14 21:52:53,7,Grocery,2225.79,1771.11,5,West,Bengaluru,45,Standard,Cancelled,,zperez,Cash
48,1109,2025-07-26,2025-07-26 07:29:15,3,Furniture,2067.62,1094.37,7,North,Bengaluru,44,Standard,Cancelled,snguyen@example.com,jamesortega,UPI
33,1127,2025-02-28,2025-02-28 16:38:17,4,Grocery,3911.58,1770.59,7,South,Kolkata,33,Premium,Completed,smithchristine@example.net,jonesjason,Card
780,1174,2025-02-11,2025-02-11 09:59:52,3,Grocery,4236.72,869.01,7,South,Chennai,46,Premium,Pending,qhenry@example.net,lisa88,Cash
840,1293,2025-04-02,2025-04-02 14:19:17,16,Clothing,2500.38,1414.2,7,North,Delhi,39,Premium,Cancelled,collierwilliam@example.com,emcclure,Cash
201,1215,2025-03-22,2025-03-22 18:34:33,12,Furniture,2270.26,1835.89,7,West,Bengaluru,61,Premium,Cancelled,katrinaanderson@example.net,guerraapril,Card
135,1009,2025-11-01,2025-11-01 07:38:08,12,Grocery,942.3,444.1,8,South,Bengaluru,26,Premium,Completed,oscar98@example.com,bwagner,Card
28,1080,2025-04-18,2025-04-18 13:43:47,15,Sports,3532.52,1231.12,9,North,Mumbai,70,Standard,Cancelled,ybaker@example.com,rodney87,Cash
881,1194,2024-10-07,2024-10-07 08:01:33,14,Sports,1566.91,1273.95,4,South,Hyderabad,45,Standard,Completed,seanwood@example.net,hchapman,UPI
231,1286,2025-11-16,2025-11-16 03:53:19,8,Sports,2629.47,1376.93,3,South,Hyderabad,37,Standard,Pending,amandasharp@example.org,robertmonroe,Cash
490,1272,2024-08-15,2024-08-15 15:09:46,3,Clothing,1034.43,1934.25,9,North,Bengaluru,33,Standard,Pending,jim38@example.com,dharrison,Card
773,1103,2024-11-14,2024-11-14 19:03:09,15,Clothing,2009.7,625.88,7,South,Kolkata,41,Standard,Cancelled,zpowers@example.com,wilsonralph,Cash
379,1154,2024-08-24,2024-08-24 16:32:11,16,Sports,2773.29,164.3,6,South,Kolkata,29,Premium,Cancelled,pamelamartin@example.org,morgantricia,Cash
289,1157,2025-12-09,2025-12-09 05:55:04,15,Grocery,4269.79,199.03,5,North,Bengaluru,38,Premium,Completed,bentonsteven@example.net,samuelcarter,UPI
419,1026,2026-05-21,2026-05-21 15:37:12,6,Furniture,4824.62,30.48,2,South,Chennai,56,Standard,Completed,andrewsmith@example.net,jeremywiley,Cash
675,1189,2026-01-22,2026-01-22 11:54:12,5,Sports,253.57,375.16,3,West,Kolkata,39,Standard,Completed,lwood@example.com,toddlloyd,Cash
392,1113,2025-08-05,2025-08-05 13:24:12,20,Grocery,1011.91,379.09,10,North,Pune,66,Standard,Cancelled,buchanancindy@example.net,jrodriguez,UPI
593,1235,2024-07-08,2024-07-08 01:20:56,19,Sports,170.85,920.58,3,West,Bengaluru,68,Standard,Cancelled,torresthomas@example.com,jodylewis,Card
499,1083,2025-06-29,2025-06-29 22:23:34,7,Clothing,209.54,1533.79,1,East,Kolkata,44,Premium,Cancelled,,cindydixon,UPI
139,1188,2025-04-13,2025-04-13 15:14:38,19,Furniture,2335.32,577.91,7,West,Bengaluru,70,Premium,Cancelled,angelawillis@example.net,elizabeth65,Cash
63,1232,2026-03-09,2026-03-09 08:17:19,9,Grocery,1294.45,258.9,4,East,Bengaluru,65,Premium,Completed,marycalhoun@example.net,meadowsbrittany,Cash
472,1205,2025-01-14,2025-01-14 18:25:25,17,Grocery,3304.78,1077.12,10,West,Kolkata,40,Standard,Cancelled,zhayes@example.com,andre18,Card
648,1147,2026-05-21,2026-05-21 00:51:36,9,Electronics,1521.74,1155.57,4,North,Delhi,55,Premium,Cancelled,tjensen@example.com,jenniferlambert,Card
129,1231,2024-10-03,2024-10-03 10:43:24,2,Electronics,1875.25,588.41,2,West,Chennai,55,Premium,Pending,caseyhubbard@example.org,lisahall,UPI
977,1042,2024-09-06,2024-09-06 15:18:20,12,Sports,4185.93,499.9,4,North,Bengaluru,49,Premium,Completed,ajohnson@example.com,erinbrown,Cash
521,1266,2025-08-18,2025-08-18 16:06:28,10,Sports,3638.57,644.7,9,North,Bengaluru,54,Standard,Pending,john16@example.net,charles27,Cash
839,1233,2025-11-18,2025-11-18 00:54:38,5,Sports,,1499.18,1,East,Hyderabad,50,Premium,Pending,evanslaurie@example.net,rebecca92,UPI
963,1216,2026-06-27,2026-06-27 21:21:09,20,Grocery,4088.67,1253.36,10,West,Chennai,30,Standard,Pending,waynecohen@example.com,adrianthomas,UPI
65,1091,2024-12-09,2024-12-09 14:42:52,10,Electronics,3554.69,270.63,1,North,Chennai,36,Premium,Cancelled,matthew64@example.com,mary70,Card
813,1089,2025-11-08,2025-11-08 20:50:37,9,Furniture,2345.07,918.13,7,West,Bengaluru,39,Premium,Cancelled,crystalgibbs@example.org,moralescourtney,Card
15,1135,2025-02-10,2025-02-10 03:34:37,17,Sports,2144.53,439.36,9,South,Delhi,37,Standard,Cancelled,shawnmckay@example.net,teresa28,UPI
157,1230,2025-09-21,2025-09-21 14:24:58,12,Grocery,2247.5,172.23,3,East,Hyderabad,38,Standard,Completed,michelle52@example.com,harrisoncrystal,Cash
41,1164,2026-05-08,2026-05-08 13:33:19,15,Furniture,2238.69,443.13,8,South,Mumbai,23,Standard,Cancelled,sarayoung@example.org,nicolejohnson,UPI
493,1266,2026-06-02,2026-06-02 04:35:06,20,Clothing,2115.8,1154.34,7,East,Kolkata,56,Standard,Pending,wgomez@example.com,aeaton,UPI
380,1212,2026-05-22,2026-05-22 11:42:30,18,Sports,2046.91,711.82,4,East,Hyderabad,41,Standard,Completed,reynoldsdesiree@example.net,gmoore,UPI
188,1244,2026-06-15,2026-06-15 18:32:11,7,Grocery,1639.78,1298.88,2,South,Chennai,65,Premium,Completed,laurie61@example.com,amymorris,Card
764,1117,2025-07-31,2025-07-31 11:22:13,15,Sports,1105.04,971.88,6,West,Bengaluru,43,Premium,Completed,harrisonrebekah@example.org,turneralex,Card
217,1038,2025-08-05,2025-08-05 12:17:44,2,Electronics,2091.34,1688.24,4,North,Mumbai,27,Premium,Completed,catherinerobertson@example.com,francisco94,UPI
792,1053,2025-09-16,2025-09-16 10:39:20,17,Grocery,2079.98,346.38,4,North,Chennai,19,Premium,Cancelled,claudiarubio@example.net,vargasjoshua,UPI
53,1009,2025-09-18,2025-09-18 17:08:06,18,Electronics,4999.54,712.92,2,North,Delhi,19,Premium,Completed,psnyder@example.org,staffordmichelle,Cash
879,1058,2026-02-27,2026-02-27 21:41:52,9,Clothing,3348.34,869.73,8,North,Mumbai,64,Premium,Completed,jenniferstone@example.org,murphybrandi,UPI
338,1190,2026-01-18,2026-01-18 07:34:32,9,Sports,1505.55,1705.4,8,North,Pune,58,Premium,Pending,rogersruben@example.net,bakertheresa,Cash
749,1065,2024-09-04,2024-09-04 12:18:27,9,Sports,4284.62,1764.39,5,South,Pune,61,Premium,Cancelled,rfowler@example.com,angelapage,UPI
720,1293,2024-07-09,2024-07-09 16:33:16,5,Furniture,2622.35,510.31,6,South,Delhi,67,Standard,Pending,pfitzgerald@example.org,ryan39,Cash
725,1292,2025-10-27,2025-10-27 03:13:30,10,Electronics,2637.75,253.13,5,East,Hyderabad,36,Standard,Completed,daltonchad@example.net,alyssa46,Cash
296,1269,2026-04-04,2026-04-04 23:52:21,8,Sports,3984.49,1979.02,6,West,Chennai,68,Standard,Pending,michaelcooper@example.org,gbailey,UPI
702,1118,2025-07-19,2025-07-19 05:50:49,17,Clothing,2958.91,1376.25,10,West,Bengaluru,36,Standard,Pending,bryanharris@example.com,rnguyen,UPI
252,1227,2024-12-27,2024-12-27 19:16:03,16,Clothing,459.22,81.1,4,East,Bengaluru,35,Premium,Cancelled,karenparsons@example.org,jim95,Card
727,1280,2025-04-06,2025-04-06 14:16:43,12,Electronics,4358.61,846.8,10,East,Chennai,46,Standard,Pending,reyessteven@example.org,michael81,Card
462,1098,2025-09-03,2025-09-03 17:03:37,1,Furniture,1822.93,286.77,1,West,Mumbai,46,Standard,Cancelled,eugenesingleton@example.org,steven20,UPI
456,1127,2024-09-18,2024-09-18 03:25:14,13,Furniture,1273.45,1989.18,4,West,Delhi,67,Premium,Cancelled,qthomas@example.org,josephfloyd,UPI
595,1277,2025-08-11,2025-08-11 18:01:40,19,Clothing,3949.07,180.3,6,North,Chennai,61,Standard,Completed,george43@example.net,brian01,Cash
816,1099,2026-03-11,2026-03-11 02:39:27,14,Grocery,3867.79,1508.12,6,West,Mumbai,62,Standard,Cancelled,christopherrichardson@example.com,kduffy,Cash
863,1262,2025-01-14,2025-01-14 19:18:05,5,Clothing,756.22,1143.77,5,North,Kolkata,64,Standard,Cancelled,kayla84@example.org,mccarthysara,Cash
270,1154,2025-10-22,2025-10-22 03:13:47,7,Sports,3054.29,393.52,7,East,Mumbai,21,Premium,Pending,lisa46@example.org,susan79,Card
202,1060,2025-02-19,2025-02-19 13:46:32,6,Sports,1995.64,272.15,4,North,Delhi,19,Standard,Pending,marcusfletcher@example.com,meghan43,UPI
162,1066,2025-01-06,2025-01-06 00:47:18,20,Electronics,375.45,808.36,8,West,Delhi,44,Premium,Completed,hritter@example.net,michaelhardin,Card
556,1154,2025-01-07,2025-01-07 04:53:04,16,Sports,1206.62,1373.35,7,West,Hyderabad,27,Standard,Completed,cwright@example.org,gmoss,Card
730,1012,2025-01-29,2025-01-29 14:39:17,19,Grocery,2827.17,265.09,9,North,Bengaluru,57,Premium,Cancelled,watsonshaun@example.net,harrisonamanda,UPI
402,1135,2025-09-26,2025-09-26 11:22:36,12,Clothing,261.9,429.41,6,West,Chennai,47,Premium,Completed,max41@example.com,hughesfrank,UPI
703,1184,2025-09-18,2025-09-18 00:58:00,16,Clothing,3128.12,579.27,2,West,Bengaluru,29,Premium,Completed,marcoconnell@example.org,,UPI
477,1039,2025-10-04,2025-10-04 22:53:20,11,Furniture,905.87,1654.9,10,North,Mumbai,59,Standard,Completed,torreskaitlin@example.net,jason82,UPI
822,1147,2025-02-08,2025-02-08 01:27:52,14,Clothing,923.19,389.07,3,South,Chennai,29,Premium,Pending,christinesolomon@example.com,emiller,UPI
772,1191,2025-09-01,2025-09-01 01:18:25,17,Furniture,3592.47,999.69,5,West,Mumbai,68,Premium,Completed,traci63@example.org,xcrosby,Cash
106,1001,2025-07-23,2025-07-23 00:20:23,9,Clothing,4938.26,1089.63,3,North,Mumbai,19,Premium,Completed,molly71@example.net,jsmith,Card
566,1128,2026-02-20,2026-02-20 05:22:10,15,Electronics,4487.74,314.73,1,North,Mumbai,42,Standard,Completed,bgross@example.net,kimberly35,UPI
390,1191,2024-10-04,2024-10-04 17:09:55,1,Sports,4380.1,299.92,1,North,Chennai,56,Standard,Cancelled,rmiller@example.com,wendyburton,UPI
2,1111,2024-09-03,2024-09-03 18:30:12,8,Sports,,1131.27,9,West,Bengaluru,46,Standard,Completed,fjohnson@example.org,williamjohnson,Cash
938,1094,2024-11-08,2024-11-08 20:02:30,2,Electronics,4480.04,868.5,5,South,Bengaluru,40,Standard,Pending,ejohns@example.org,nicoleanderson,Card
983,1195,2025-12-18,2025-12-18 00:41:22,14,Clothing,1505.33,817.33,10,East,Chennai,56,Standard,Cancelled,gregory57@example.org,andres97,Card
562,1289,2024-10-03,2024-10-03 09:36:49,6,Electronics,3493.49,521.6,8,North,Mumbai,47,Standard,Pending,levigrant@example.net,linda73,UPI
81,1149,2024-12-21,2024-12-21 17:56:33,17,Grocery,2106.68,975.35,8,South,Chennai,53,Premium,Pending,kevinerickson@example.org,brandon08,Cash
206,1148,2025-10-21,2025-10-21 05:05:46,8,Sports,1628.57,1203.88,6,South,Hyderabad,27,Premium,Pending,jimenezcourtney@example.com,timothy64,Card
35,1240,2025-02-17,2025-02-17 07:59:50,8,Clothing,4092.1,931.4,5,South,Bengaluru,19,Premium,Pending,contrerasangela@example.net,mcmillandennis,Card
776,1038,2026-02-12,2026-02-12 15:58:46,12,Electronics,1507.86,1013.49,9,North,Delhi,35,Premium,Completed,katelyn65@example.com,garcher,Cash
509,1129,2025-09-19,2025-09-19 00:32:14,1,Furniture,2513.26,1007.31,1,West,Bengaluru,31,Standard,Pending,qfitzgerald@example.org,seanlyons,Card
428,1204,2024-07-28,2024-07-28 01:30:32,11,Electronics,2795.03,373.4,6,East,Bengaluru,54,Standard,Completed,slozano@example.com,jimmy01,UPI
455,1074,2025-07-06,2025-07-06 17:29:01,2,Grocery,3889.48,161.34,8,South,Bengaluru,34,Standard,Completed,icraig@example.com,hstokes,Cash
367,1063,2024-11-11,2024-11-11 12:14:52,15,Furniture,3309.36,1913.26,3,West,Bengaluru,51,Premium,Cancelled,linda59@example.org,stacey92,Card
92,1176,2025-10-09,2025-10-09 22:16:23,19, Grocery ,3212.75,860.13,5,West,Pune,37,Premium,Pending,davissuzanne@example.net,keyemily,Card
340,1073,2025-04-09,2025-04-09 23:03:28,11,Clothing,3905.76,985.41,3,East,Mumbai,21,Premium,Pending,kerri91@example.org,williamsmichelle,Card
898,1245,2025-04-15,2025-04-15 14:58:24,3, Furniture ,948.49,386.36,3,South,Chennai,49,Premium,Cancelled,williamsjohn@example.net,trevorgoodwin,Card
565,1276,2026-05-02,2026-05-02 06:29:49,14,Clothing,3089.13,230.37,8,East,Bengaluru,20,Premium,Completed,caseymoore@example.com,amber70,UPI
346,1011,2026-03-08,2026-03-08 15:52:34,19,Sports,886.47,745.85,1,West,Pune,58,Standard,Cancelled,adamortiz@example.org,cynthia05,UPI
777,1036,2025-01-30,2025-01-30 00:04:17,12,Electronics,2752.83,680.84,6,East,Hyderabad,65,Standard,Completed,qrodriguez@example.com,ihall,UPI
242,1178,2026-04-02,2026-04-02 21:30:01,10,Grocery,2303.9,429.6,8,East,Chennai,24,Standard,Cancelled,ashleyhernandez@example.com,nwilson,UPI
14,1123,2025-08-12,2025-08-12 22:21:42,19,Electronics,473.98,,2,South,Bengaluru,60,Standard,Cancelled,,kayla51,Cash
316,1225,2026-02-09,2026-02-09 21:37:31,15,Grocery,1169.9,551.75,1,South,Delhi,62,Premium,Completed,kburns@example.net,courtney67,UPI
601,1277,2024-10-12,2024-10-12 03:45:52,5,Furniture,1766.17,898.84,1,East,Bengaluru,22,Premium,Completed,rmeyer@example.net,robertberry,UPI
388,1148,2026-05-02,2026-05-02 19:46:55,10,Sports,478.2,1535.24,8,West,Hyderabad,70,Premium,Pending,thomasmiller@example.net,shawrachel,Cash
274,1274,2025-09-11,2025-09-11 14:58:13,18,Sports,805.77,185.52,2,South,Delhi,27,Standard,Pending,brandon14@example.net,whitemelissa,UPI
167,1295,2024-12-11,2024-12-11 19:17:01,9,Clothing,3846.45,844.84,1,West,Pune,58,Standard,Cancelled,ilee@example.org,phillipskristin,Card
841,1115,2025-01-22,2025-01-22 20:37:38,2,Clothing,4291.06,1460.24,5,South,Bengaluru,53,Standard,Pending,bdavis@example.com,ryansimmons,Card
300,1183,2025-10-17,2025-10-17 12:36:34,19,Electronics,3532.09,716.33,10,South,Chennai,30,Standard,Cancelled,yvargas@example.org,jamiegoodwin,Card
647,1257,2025-06-28,2025-06-28 13:01:30,11,Clothing,3093.4,739.4,7,South,Chennai,58,Premium,Cancelled,rodriguezbrian@example.com,mwhite,Cash
819,1196,2025-09-11,2025-09-11 18:18:49,13,Sports,4872.02,179.09,4,West,Bengaluru,45,Standard,Cancelled,higginsryan@example.com,twilson,Card
485,1225,2024-08-26,2024-08-26 06:08:07,2,Clothing,1038.44,760.17,2,North,Delhi,21,Premium,Cancelled,mcclainmelissa@example.net,hessbeth,Cash
981,1235,2026-03-23,2026-03-23 02:26:33,6,Grocery,191.5,1330.53,8,East,Hyderabad,25,Premium,Pending,bradley36@example.com,gbird,Card
505,1165,2026-02-12,2026-02-12 03:20:16,15,Electronics,935.45,1188.82,4,West,Bengaluru,34,Standard,Cancelled,campbellnancy@example.com,jacob09,UPI
832,1280,2025-02-03,2025-02-03 04:52:54,15,Clothing,4487.22,1911.0,8,South,Bengaluru,31,Premium,Cancelled,karencarson@example.net,brandybonilla,UPI
244,1124,2025-06-17,2025-06-17 02:07:42,17,Clothing,2781.96,675.36,7,West,Bengaluru,69,Standard,Cancelled,hansenemily@example.com,fosterlisa,Cash
567,1168,2026-01-09,2026-01-09 08:49:50,13,Sports,68.33,1421.06,8,West,Chennai,43,Premium,Cancelled,rlee@example.com,chloemorris,Cash
876,1250,2025-03-19,2025-03-19 11:43:14,18,Furniture,4009.11,1434.36,6,West,Chennai,64,Standard,Completed,andrewzamora@example.net,john46,Cash
563,1165,2024-07-14,2024-07-14 09:37:40,9,Clothing,3914.62,569.03,1,West,Hyderabad,39,Premium,Pending,ihoward@example.com,washingtonsamuel,Card
687,1198,2026-02-15,2026-02-15 17:30:58,16,Grocery,2837.13,857.68,7,East,Mumbai,29,Standard,Cancelled,jonathan14@example.org,dprice,Card
190,1232,2026-01-13,2026-01-13 21:49:13,18,Sports,2494.87,1878.35,9,West,Hyderabad,30,Premium,,yhill@example.org,lambertrichard,Cash
783,1200,2026-01-04,2026-01-04 15:33:12,3,Sports,1962.85,960.06,6,West,Mumbai,37,Premium,Completed,kgallagher@example.net,rkeller,Cash
700,1031,2024-07-12,2024-07-12 05:27:32,17,Electronics,2138.92,645.38,2,East,Pune,59,Standard,Pending,sanchezdeborah@example.org,cynthiaconway,Cash
476,1070,2025-12-06,2025-12-06 06:11:01,9,Grocery,4453.65,514.72,5,East,Bengaluru,54,Standard,Cancelled,susan08@example.net,davidsmith,Cash
682,1062,2026-01-30,2026-01-30 21:30:36,13,Grocery,2972.18,1903.42,6,South,Bengaluru,23,Standard,Cancelled,aprilbyrd@example.org,amy01,UPI
511,1075,2024-07-02,2024-07-02 17:00:59,2,Grocery,231.77,1710.58,10,East,Hyderabad,23,Premium,Completed,morrowthomas@example.net,qdavis,Card
59,1044,2025-12-19,2025-12-19 23:53:21,9,Furniture,1257.12,940.12,10,West,Hyderabad,19,Standard,Pending,calebrussell@example.net,nperry,Cash
475,1113,2025-07-01,2025-07-01 10:35:02,7,Grocery,157.42,1647.44,5,South,Bengaluru,20,Standard,Pending,derekmyers@example.net,susan24,Cash
561,1029,2025-12-12,2025-12-12 12:02:01,20,Clothing,4754.92,1283.4,2,North,Pune,56,Premium,Pending,sarah00@example.com,jacquelinemoody,UPI
857,1073,2024-09-26,2024-09-26 01:00:56,18,Clothing,399.26,1470.7,4,East,Chennai,60,Premium,Pending,shane60@example.org,jessica75,Cash
748,1291,2024-10-14,2024-10-14 10:33:05,17,Furniture,893.86,403.67,10,South,Bengaluru,55,Premium,Cancelled,thomaskevin@example.net,carl96,Cash
253,1086,2025-09-19,2025-09-19 07:46:59,15,Sports,3725.47,1536.52,9,North,Chennai,25,Standard,Cancelled,joel28@example.org,dturner,Card
22,1030,2026-04-26,2026-04-26 20:16:30,6,Furniture,60.67,,8,East,Chennai,62,Standard,Completed,palmerjoshua@example.com,,Cash
314,1245,2024-11-05,2024-11-05 10:53:52,7,Electronics,177.39,358.25,5,North,Chennai,25,Standard,Pending,keith48@example.net,taylorkaren,Card
460,1243,2026-06-05,2026-06-05 21:33:50,20,Clothing,1888.42,197.17,3,West,Bengaluru,61,Standard,Cancelled,kari89@example.org,kellythompson,Cash
161,1114,2024-10-23,2024-10-23 21:06:07,4,Clothing,3970.73,488.74,8,North,Hyderabad,53,Standard,Pending,vgarcia@example.net,wagnergerald,UPI
277,1064,2026-04-10,2026-04-10 10:39:04,9,Electronics,3868.58,78.13,7,East,Chennai,22,Standard,Cancelled,cassie99@example.com,,UPI
956,1039,2025-08-19,2025-08-19 12:33:22,16,Grocery,4567.96,431.79,2,West,Delhi,19,Standard,Completed,brenda90@example.org,tiffanygamble,Card
192,1167,2024-12-28,2024-12-28 02:30:32,3,Furniture,3362.82,,3,West,Hyderabad,33,Premium,Pending,michael90@example.net,erikarush,Card
386,1036,2026-04-09,2026-04-09 03:28:13,19,Clothing,4559.38,827.11,8,West,Chennai,38,Premium,Pending,hernandezheather@example.org,barnettlindsey,UPI
806,1019,2024-09-23,2024-09-23 09:36:26,8,Sports,4943.33,898.58,6,South,Hyderabad,38,Premium,Cancelled,pwells@example.com,michaelbaldwin,Card
414,1130,2025-06-28,2025-06-28 03:33:01,16,Clothing,4554.92,185.96,10,West,Hyderabad,30,Premium,Cancelled,kennedyjames@example.org,amoreno,UPI
492,1198,2025-08-24,2025-08-24 09:46:43,1,Sports,4748.13,466.65,6,West,Mumbai,26,Premium,Cancelled,nicholasgray@example.net,blacknicholas,Card
344,1023,2026-05-01,2026-05-01 18:36:17,10,Grocery,2306.84,1050.17,9,East,Chennai,61,Premium,Pending,,james94,Card
770,1096,2026-02-09,2026-02-09 11:29:13,18,Grocery,3958.46,668.81,1,East,Pune,26,Standard,Completed,owensapril@example.com,janet80,UPI
309,1252,2026-01-25,2026-01-25 18:36:53,13,Grocery,2752.82,220.83,8,South,Bengaluru,46,Premium,Completed,,adamsamy,Card
662,1201,2024-12-27,2024-12-27 08:19:37,9,Grocery,496.74,1648.96,4,East,Bengaluru,28,Standard,Cancelled,tgarrett@example.com,ijames,Card
131,1258,2024-10-08,2024-10-08 08:31:45,6,Electronics,1276.33,886.76,8,South,Hyderabad,41,Standard,Pending,kristy39@example.com,thompsonbrian,Card
664,1051,2026-05-06,2026-05-06 13:59:17,6,Grocery,2556.36,716.68,10,East,Chennai,62,Premium,Completed,dennisjones@example.org,jennifertucker,UPI
872,1205,2025-10-31,2025-10-31 21:29:34,12,Electronics,551.62,994.25,2,South,Hyderabad,25,Standard,Completed,robert84@example.net,regina04,Cash
100,1119,2025-06-21,2025-06-21 15:17:05,16,Electronics,3116.76,1887.47,6,South,Mumbai,22,Standard,Cancelled,tyronemoran@example.net,robert77,Card
373,1012,2025-04-17,2025-04-17 03:11:01,13,Clothing,312.67,132.08,5,South,Hyderabad,61,Standard,Completed,david09@example.com,whitelucas,Cash
88,1035,2025-02-06,2025-02-06 11:34:52,8,Grocery,4987.26,1498.6,7,North,Delhi,58,Premium,Pending,jacqueline71@example.net,sandrafrench,Cash
459,1222,2025-04-25,2025-04-25 19:26:18,11,Electronics,878.43,566.68,2,West,Delhi,33,Premium,Completed,tammy00@example.net,james73,UPI
331,1114,2025-07-21,2025-07-21 14:56:15,9,Sports,4035.17,624.81,5,West,Pune,42,Standard,Pending,ricetiffany@example.com,david96,Card
215,1100,2026-03-31,2026-03-31 18:05:03,11,Clothing,1930.21,1670.06,8,East,Hyderabad,66,Standard,Cancelled,andersoncolin@example.com,angela52,UPI
467,1054,2025-03-04,2025-03-04 01:37:18,16,Clothing,538.83,,7,West,Chennai,57,Standard,Completed,cruzamber@example.com,pruittlynn,Card
122,1220,2025-12-02,2025-12-02 01:22:23,6,Clothing,1932.03,1413.27,9,East,Bengaluru,43,Premium,Pending,xcarson@example.org,thomasharvey,Cash
615,1212,2025-06-23,2025-06-23 02:45:23,6,Sports,2337.49,1144.47,3,South,Bengaluru,42,Standard,Cancelled,gdavis@example.org,kimberlypace,Card
21,1025,2025-09-27,2025-09-27 19:03:29,18,Electronics,4846.53,1854.21,4,South,Hyderabad,49,Standard,Completed,briannasmith@example.net,perezrebecca,Card
701,1253,2026-03-27,2026-03-27 10:45:53,20,Grocery,2269.21,883.74,3,East,Delhi,30,Standard,Pending,bryantgeorge@example.net,meyersdaniel,Card
72,1278,2025-07-25,2025-07-25 18:35:50,8,Clothing,4546.64,,2,North,Bengaluru,68,Standard,Cancelled,alexander67@example.org,oyu,UPI
107,1121,2025-05-12,2025-05-12 16:16:23,19,Grocery,128.12,545.43,3,West,Chennai,25,Premium,Pending,charlesharrington@example.com,cindy61,Card
271,1057,2025-01-02,2025-01-02 21:39:45,8,Furniture,3208.51,,1,East,Kolkata,38,Premium,Pending,kevinclayton@example.org,davisnicholas,UPI
861,1048,2025-05-17,2025-05-17 14:28:55,17,Grocery,3517.25,1733.49,9,East,Mumbai,24,Premium,Completed,jimmy80@example.org,nicole52,Card
436,1195,2026-02-23,2026-02-23 00:35:02,7,Clothing,4010.19,1482.31,8,North,Bengaluru,44,Standard,Completed,huffmannichole@example.net,timothyfreeman,UPI
103,1189,2025-11-22,2025-11-22 01:50:27,7,Furniture,2251.24,487.5,6,North,Mumbai,41,Standard,Completed,,ugibson,Card
